date,funding7d_pct,gls,top_ls,taker_ls,oi_pctl_90d,fng,close
2021-01-01,0.8536,1.574,1.186,1.099,100.0,94,29337.16
2021-01-02,0.9622,1.578,1.202,1.877,100.0,94,32199.91
2021-01-03,1.2395,2.007,1.203,0.75,98.9,93,33054.53
2021-01-04,1.5453,1.905,1.215,0.906,94.4,94,32031.07
2021-01-05,1.6172,1.922,1.264,0.967,96.7,93,33999.52
2021-01-06,1.915,1.922,1.189,1.129,96.7,95,36823.68
2021-01-07,2.1075,2.139,1.189,1.289,100.0,91,39498.92
2021-01-08,2.4614,2.511,1.471,0.74,96.7,93,40637.23
2021-01-09,2.5926,2.864,1.383,0.606,100.0,93,40136.04
2021-01-10,2.518,2.605,1.513,0.644,97.8,94,38221.67
2021-01-11,2.2827,2.488,1.283,1.654,84.4,90,35408.46
2021-01-12,2.2237,2.06,1.284,1.713,67.8,84,34056.9
2021-01-13,1.8451,2.521,1.103,1.584,92.2,78,37421.07
2021-01-14,1.7216,1.924,1.155,1.052,93.3,83,39163.31
2021-01-15,1.5225,2.283,1.115,0.956,88.9,88,36755.24
2021-01-16,1.3567,2.152,1.112,0.793,84.4,84,36025.66
2021-01-17,1.1109,2.235,1.174,0.689,80.0,79,35869.83
2021-01-18,1.0977,2.81,1.171,1.056,86.7,79,36686.86
2021-01-19,1.3186,2.456,1.154,0.741,87.8,80,35891.03
2021-01-20,1.3333,2.379,1.178,1.116,92.2,78,35500.0
2021-01-21,1.2309,2.061,1.05,0.578,71.1,75,30879.97
2021-01-22,1.0226,1.962,1.016,0.539,66.7,40,32986.34
2021-01-23,0.9437,1.717,1.019,0.814,62.2,74,32086.48
2021-01-24,0.9361,1.808,1.014,0.851,65.6,70,32275.63
2021-01-25,0.8325,2.072,1.079,0.802,66.7,74,32253.68
2021-01-26,0.5058,1.877,1.157,1.189,68.9,71,32474.14
2021-01-27,0.4131,1.94,1.153,1.637,64.4,78,30381.04
2021-01-28,0.3384,1.469,1.106,0.629,81.1,55,33399.75
2021-01-29,0.55,2.732,1.266,0.977,80.0,77,34269.35
2021-01-30,0.6426,2.874,1.321,0.904,88.9,76,34289.85
2021-01-31,0.7222,2.485,1.233,0.863,88.9,78,33126.21
2021-02-01,0.7358,2.581,1.308,3.623,75.6,77,33546.09
2021-02-02,0.9056,2.345,1.352,0.834,92.2,76,35504.06
2021-02-03,1.109,1.922,1.4,1.358,93.3,78,37652.51
2021-02-04,1.232,1.784,1.401,1.489,91.1,80,36976.93
2021-02-05,1.221,2.049,1.316,1.458,96.7,81,38362.65
2021-02-06,1.3032,2.065,1.407,1.461,100.0,84,39249.54
2021-02-07,1.4847,2.268,1.305,0.589,97.8,86,38849.25
2021-02-08,1.7325,2.251,1.43,1.357,100.0,83,46451.32
2021-02-09,2.0082,2.225,1.398,0.999,98.9,95,46492.54
2021-02-10,2.1868,2.552,1.374,1.27,97.8,92,44850.0
2021-02-11,2.3555,2.61,1.417,1.136,100.0,93,48060.21
2021-02-12,2.4848,2.76,1.417,1.528,98.9,92,47361.03
2021-02-13,2.6353,2.773,1.356,1.41,96.7,92,47221.62
2021-02-14,2.6892,2.522,1.365,0.823,100.0,95,48655.21
2021-02-15,2.5497,1.994,1.43,1.067,96.7,93,47981.58
2021-02-16,2.4358,2.367,1.383,0.922,97.8,95,49197.94
2021-02-17,2.3683,1.885,1.37,1.198,100.0,95,52194.62
2021-02-18,2.4468,2.21,1.314,1.051,98.9,91,51619.7
2021-02-19,2.3914,1.93,1.408,1.916,98.9,93,56004.1
2021-02-20,2.4292,2.213,1.345,1.372,97.8,91,55917.41
2021-02-21,2.3737,2.264,1.331,1.122,97.8,91,57487.43
2021-02-22,2.4338,2.498,1.281,1.751,85.6,94,54121.1
2021-02-23,2.1366,1.935,1.309,1.218,82.2,94,48930.0
2021-02-24,1.8911,2.141,1.268,0.609,83.3,76,49702.03
2021-02-25,1.5487,2.479,1.237,0.966,83.3,79,47089.37
2021-02-26,1.2741,2.388,1.227,1.435,80.0,55,46313.13
2021-02-27,0.9636,2.166,1.24,1.284,80.0,56,46102.63
2021-02-28,0.6961,1.891,1.315,0.581,80.0,55,45163.36
2021-03-01,0.4463,2.154,1.259,0.681,83.3,38,49592.7
2021-03-02,0.4085,2.105,1.271,1.069,82.2,78,48450.57
2021-03-03,0.3745,2.303,1.239,0.576,83.3,78,50373.75
2021-03-04,0.3345,2.657,1.244,2.012,82.2,84,48385.77
2021-03-05,0.3345,2.238,1.285,1.779,80.0,77,48770.57
2021-03-06,0.2797,2.136,1.253,1.089,78.9,77,48908.21
2021-03-07,0.2596,1.971,1.32,1.292,84.4,76,50995.27
2021-03-08,0.2674,1.943,1.397,0.883,93.3,81,52429.43
2021-03-09,0.4089,2.029,1.293,1.066,93.3,81,54917.78
2021-03-10,0.4736,2.001,1.325,0.738,95.6,68,55947.98
2021-03-11,0.7243,1.942,1.206,0.649,100.0,73,57844.52
2021-03-12,0.9147,1.915,1.168,0.839,94.4,70,57291.03
2021-03-13,1.0502,2.119,1.29,0.847,100.0,74,61267.41
2021-03-14,1.2941,2.537,1.272,0.72,98.9,78,59037.12
2021-03-15,1.4523,3.174,1.198,1.268,93.3,76,55646.61
2021-03-16,1.38,3.029,1.203,1.954,92.2,71,56954.19
2021-03-17,1.3293,2.727,1.22,0.73,91.1,71,58959.0
2021-03-18,1.1407,3.123,1.252,0.685,91.1,72,57700.01
2021-03-19,0.9985,2.635,1.25,0.561,92.2,71,58089.11
2021-03-20,0.9757,2.841,1.261,0.589,92.2,75,58145.61
2021-03-21,0.7779,2.976,1.221,0.944,86.7,73,57415.18
2021-03-22,0.7214,3.46,1.183,0.555,80.0,70,54129.56
2021-03-23,0.7153,2.771,1.24,0.831,88.9,66,54400.0
2021-03-24,0.7326,3.129,1.117,1.074,75.6,65,52311.54
2021-03-25,0.6724,2.548,1.18,1.35,76.7,60,51325.21
2021-03-26,0.6302,2.568,1.125,1.691,78.9,54,55030.0
2021-03-27,0.5175,2.117,1.16,1.132,76.7,65,55828.0
2021-03-28,0.4638,2.225,1.164,1.427,73.3,74,55805.08
2021-03-29,0.3555,2.094,1.239,0.854,87.8,72,57677.64
2021-03-30,0.4052,2.246,1.29,0.874,97.8,72,58794.16
2021-03-31,0.5188,2.279,1.331,0.785,96.7,76,58807.24
2021-04-01,0.7435,2.226,1.273,1.14,93.3,74,58794.01
2021-04-02,0.9867,2.717,1.282,0.387,97.8,74,59031.36
2021-04-03,1.2291,2.317,1.262,1.585,94.4,73,57134.65
2021-04-04,1.3262,2.483,1.229,0.999,92.2,74,58234.61
2021-04-05,1.4082,2.495,1.288,1.38,94.4,71,59243.39
2021-04-06,1.5041,3.079,1.275,1.089,87.8,75,58059.99
2021-04-07,1.459,3.109,1.233,0.799,87.8,72,56018.18
2021-04-08,1.2945,2.532,1.226,1.287,84.4,73,58122.26
2021-04-09,1.083,2.568,1.213,1.034,81.1,70,58176.03
2021-04-10,1.0918,3.005,1.223,0.931,94.4,70,59832.43
2021-04-11,1.2569,2.968,1.26,1.107,97.8,76,60090.2
2021-04-12,1.4313,3.291,1.222,0.672,97.8,74,59911.18
2021-04-13,1.4892,2.212,1.226,1.311,100.0,74,63649.71
2021-04-14,1.6281,3.174,1.227,0.523,98.9,75,63019.1
2021-04-15,1.8049,3.076,1.257,1.389,97.8,79,63232.55
2021-04-16,2.0823,3.79,1.247,0.764,93.3,78,61424.67
2021-04-17,1.9976,4.568,1.233,0.416,92.2,76,60090.14
2021-04-18,1.8555,2.883,1.179,0.504,42.2,79,56140.05
2021-04-19,1.591,2.554,1.152,0.679,36.7,74,55634.39
2021-04-20,1.3243,2.668,1.162,1.327,41.1,73,56410.56
2021-04-21,1.0505,2.489,1.138,0.685,36.7,73,53800.0
2021-04-22,0.8117,2.488,1.164,1.094,42.2,65,51714.61
2021-04-23,0.5342,2.081,1.173,1.175,42.2,55,51122.62
2021-04-24,0.3921,1.534,1.219,0.852,44.4,37,50092.4
2021-04-25,0.3123,1.588,1.146,1.364,38.9,31,49063.94
2021-04-26,0.3123,1.592,1.17,0.971,31.1,27,53984.33
2021-04-27,0.3123,1.787,1.209,0.824,31.1,50,55006.25
2021-04-28,0.3123,2.132,1.259,0.533,32.2,59,54861.77
2021-04-29,0.3123,2.378,1.2,0.849,40.0,52,53558.8
2021-04-30,0.2747,2.142,1.156,0.875,61.1,51,57684.16
2021-05-01,0.274,2.222,1.206,0.688,71.1,68,57836.34
2021-05-02,0.3101,2.792,1.204,0.561,72.2,66,56630.33
2021-05-03,0.4239,3.055,1.223,0.995,85.6,61,57214.83
2021-05-04,0.5235,2.808,1.212,1.288,52.2,68,53263.32
2021-05-05,0.5924,2.393,1.241,1.306,47.8,48,57497.77
2021-05-06,0.792,3.228,1.233,0.91,67.8,65,56435.35
2021-05-07,0.8771,2.664,1.246,1.698,52.2,64,57350.88
2021-05-08,0.9754,2.328,1.242,1.235,75.6,67,58924.98
2021-05-09,1.0257,2.875,1.248,1.559,55.6,73,58292.53
2021-05-10,1.1043,3.297,1.269,0.962,52.2,72,55869.67
2021-05-11,1.0908,2.445,1.228,0.976,50.0,61,56710.43
2021-05-12,1.0821,2.615,1.239,0.764,41.1,68,49595.76
2021-05-13,0.897,2.873,1.186,1.556,32.2,31,49707.9
2021-05-14,0.8722,3.266,1.227,0.395,30.0,26,49873.27
2021-05-15,0.7604,2.766,1.227,1.015,34.4,27,46793.41
2021-05-16,0.6969,3.13,1.157,1.685,33.3,20,46429.28
2021-05-17,0.6077,3.048,1.14,0.616,52.2,27,43566.18
2021-05-18,0.5828,3.91,1.146,0.77,43.3,21,42882.53
2021-05-19,0.4488,1.721,1.216,0.839,1.1,23,36689.14
2021-05-20,0.4343,1.555,1.357,1.169,2.2,11,40500.3
2021-05-21,0.3605,1.26,1.148,1.182,2.2,19,37211.02
2021-05-22,0.3158,1.363,1.316,1.045,4.4,12,37432.58
2021-05-23,0.2213,1.661,1.156,1.228,5.6,14,34651.6
2021-05-24,0.0717,1.744,1.153,0.845,6.7,10,38779.66
2021-05-25,0.0105,1.603,1.186,0.799,7.8,22,38326.84
2021-05-26,0.0844,2.259,1.096,0.86,10.0,22,39224.2
2021-05-27,0.0844,1.574,1.179,0.608,8.9,27,38527.38
2021-05-28,0.0978,1.711,1.164,0.891,11.1,21,35670.99
2021-05-29,0.1327,1.842,1.141,1.225,12.2,18,34611.94
2021-05-30,0.164,1.441,1.186,0.867,12.2,10,35651.81
2021-05-31,0.2104,1.404,1.133,1.057,15.6,18,37243.38
2021-06-01,0.2104,2.011,1.152,0.482,14.4,20,36693.41
2021-06-02,0.2104,1.25,1.129,0.99,18.9,23,37569.99
2021-06-03,0.2104,1.667,1.17,1.174,35.6,24,39247.4
2021-06-04,0.2209,1.589,1.152,1.146,21.1,27,36828.03
2021-06-05,0.2206,1.614,1.117,1.011,18.9,24,35498.62
2021-06-06,0.2206,1.777,1.097,1.159,27.8,17,35801.71
2021-06-07,0.2206,1.587,1.124,0.657,30.0,15,33550.96
2021-06-08,0.2116,1.423,1.111,0.925,25.6,13,33372.58
2021-06-09,0.1713,0.937,1.11,0.957,80.0,14,37368.45
2021-06-10,0.1406,1.04,1.115,0.908,40.0,21,36669.66
2021-06-11,0.1174,0.852,1.084,0.837,45.6,21,37300.42
2021-06-12,0.0888,1.108,1.113,0.914,37.8,28,35537.05
2021-06-13,0.0647,0.98,1.087,1.364,84.4,23,38993.65
2021-06-14,0.0516,1.094,1.105,0.706,86.7,28,40489.1
2021-06-15,0.0586,1.262,1.093,0.629,86.7,38,40132.86
2021-06-16,0.0988,1.589,1.085,1.002,84.4,33,38344.97
2021-06-17,0.1296,2.262,1.053,0.847,91.1,26,38060.71
2021-06-18,0.1279,1.962,1.077,0.955,52.2,25,35811.41
2021-06-19,0.1193,1.813,1.067,1.219,63.3,23,35483.0
2021-06-20,0.1149,2.002,1.056,0.894,71.1,21,35588.64
2021-06-21,0.0866,1.955,1.101,1.092,31.1,23,31606.0
2021-06-22,0.0437,1.319,1.125,0.738,37.8,10,32496.0
2021-06-23,-0.0198,1.605,1.083,0.997,47.8,14,33649.0
2021-06-24,-0.0664,1.231,1.101,0.796,70.0,22,34644.64
2021-06-25,-0.0597,1.741,1.05,0.729,40.0,27,31568.07
2021-06-26,-0.0871,1.456,1.085,1.176,50.0,20,32255.56
2021-06-27,-0.1912,1.203,1.104,1.34,71.1,22,34687.71
2021-06-28,-0.1694,1.179,1.103,1.641,68.9,25,34487.22
2021-06-29,-0.1323,1.061,1.133,0.844,90.0,25,35911.26
2021-06-30,-0.0688,1.514,1.095,0.843,73.3,28,35031.39
2021-07-01,-0.0221,1.261,1.1,0.838,68.9,28,33489.96
2021-07-02,-0.0384,1.361,1.097,1.238,72.2,21,33760.94
2021-07-03,-0.0187,1.31,1.089,1.338,92.2,24,34652.94
2021-07-04,0.0763,1.462,1.07,1.115,93.3,27,35280.16
2021-07-05,0.0754,1.397,1.087,0.667,86.7,29,33672.72
2021-07-06,0.0331,1.67,1.072,0.88,80.0,20,34206.01
2021-07-07,0.0098,1.487,1.086,1.143,80.0,28,33845.64
2021-07-08,-0.0533,1.804,1.088,0.607,90.0,20,32852.04
2021-07-09,-0.1065,1.296,1.096,0.982,92.2,20,33805.01
2021-07-10,-0.0838,1.146,1.087,0.416,87.8,20,33497.98
2021-07-11,-0.0618,0.956,1.087,1.208,96.7,20,34253.81
2021-07-12,-0.049,2.097,1.066,2.279,85.6,25,33070.87
2021-07-13,-0.0089,2.136,1.082,2.142,91.1,20,32709.09
2021-07-14,-0.016,2.036,1.056,1.83,76.7,21,32803.01
2021-07-15,0.0238,2.672,1.05,1.122,95.6,20,31866.43
2021-07-16,0.0665,1.733,1.079,1.196,77.8,22,31382.95
2021-07-17,0.0667,1.766,1.052,2.344,96.7,15,31496.65
2021-07-18,0.0679,2.102,1.051,0.462,93.3,19,31767.0
2021-07-19,0.04,2.018,1.06,0.709,100.0,24,30823.62
2021-07-20,-0.0273,1.435,1.068,0.723,95.6,19,29775.9
2021-07-21,-0.1211,1.432,1.066,0.855,98.9,10,32120.0
2021-07-22,-0.1414,1.242,1.101,1.0,97.8,21,32268.11
2021-07-23,-0.1546,1.175,1.048,0.894,100.0,23,33634.46
2021-07-24,-0.1939,1.084,1.045,0.794,100.0,22,34230.0
2021-07-25,-0.262,0.932,1.011,1.462,100.0,27,35370.66
2021-07-26,-0.2913,1.313,1.034,1.161,78.9,26,37218.09
2021-07-27,-0.2264,1.348,1.009,2.705,94.4,32,39442.33
2021-07-28,-0.1141,0.921,1.028,1.311,95.6,50,40003.08
2021-07-29,-0.0808,0.952,1.008,1.171,96.7,50,40012.9
2021-07-30,-0.0456,0.963,1.015,1.561,96.7,53,42203.25
2021-07-31,0.0157,1.03,1.043,0.656,96.7,60,41448.11
2021-08-01,0.0983,1.175,1.02,1.519,67.8,60,39846.78
2021-08-02,0.1631,1.521,1.003,0.867,85.6,48,39147.48
2021-08-03,0.1754,1.664,0.993,0.499,87.8,48,38203.26
2021-08-04,0.1787,1.549,1.021,1.574,88.9,42,39731.31
2021-08-05,0.1889,1.051,1.016,1.005,93.3,50,40882.4
2021-08-06,0.2013,0.912,1.0,0.918,98.9,52,42825.43
2021-08-07,0.2013,0.939,1.026,1.212,98.9,69,44601.11
2021-08-08,0.2013,0.929,1.032,1.178,94.4,74,43787.71
2021-08-09,0.2013,0.864,1.016,1.635,100.0,65,46259.7
2021-08-10,0.2013,1.237,1.021,1.192,97.8,71,45589.99
2021-08-11,0.21,1.124,1.082,1.691,98.9,70,45522.12
2021-08-12,0.21,1.343,1.095,0.787,96.7,70,44385.09
2021-08-13,0.21,1.035,1.102,1.491,100.0,70,47792.52
2021-08-14,0.21,1.444,1.107,0.622,97.8,76,47083.74
2021-08-15,0.21,1.508,1.105,1.219,94.4,71,47006.02
2021-08-16,0.2139,1.895,1.095,1.256,96.7,72,45926.23
2021-08-17,0.2139,2.022,1.084,0.873,94.4,72,44704.84
2021-08-18,0.2139,1.959,1.111,0.553,88.9,73,44714.09
2021-08-19,0.2139,1.354,1.106,1.111,94.4,70,46772.0
2021-08-20,0.2197,1.031,1.14,1.316,100.0,70,49332.74
2021-08-21,0.2364,0.996,1.131,1.192,100.0,78,48848.29
2021-08-22,0.2412,1.099,1.12,0.418,97.8,76,49273.28
2021-08-23,0.2804,1.33,1.115,1.214,100.0,79,49523.91
2021-08-24,0.3311,1.699,1.119,1.066,100.0,79,47719.36
2021-08-25,0.3407,1.689,1.112,0.788,97.8,73,48992.65
2021-08-26,0.3525,1.903,1.097,0.417,94.4,75,46853.06
2021-08-27,0.3468,1.415,1.086,0.704,96.7,71,49083.98
2021-08-28,0.3654,1.346,1.14,0.876,96.7,78,48931.99
2021-08-29,0.3606,1.317,1.139,1.176,90.0,72,48795.41
2021-08-30,0.33,1.865,1.137,1.303,88.9,73,47024.7
2021-08-31,0.3367,2.133,1.153,0.906,95.6,73,47150.32
2021-09-01,0.4029,1.61,1.17,1.626,95.6,71,48842.94
2021-09-02,0.5077,1.286,1.168,1.065,100.0,74,49299.14
2021-09-03,0.5833,1.28,1.155,1.178,98.9,74,50027.08
2021-09-04,0.5929,1.436,1.133,0.559,88.9,72,49940.74
2021-09-05,0.5929,0.946,1.14,0.767,100.0,73,51799.57
2021-09-06,0.5971,1.047,1.141,0.677,100.0,79,52683.97
2021-09-07,0.5528,1.981,1.109,1.246,40.0,79,46864.39
2021-09-08,0.4769,1.812,1.118,0.647,46.7,47,46062.29
2021-09-09,0.3603,1.931,1.113,0.814,45.6,45,46413.88
2021-09-10,0.2858,2.178,1.14,2.869,47.8,46,44860.83
2021-09-11,0.2409,1.93,1.14,0.764,47.8,31,45193.78
2021-09-12,0.2409,1.893,1.141,0.509,56.7,32,46046.73
2021-09-13,0.2241,2.218,1.144,0.886,43.3,44,44975.96
2021-09-14,0.2111,1.235,1.132,1.185,63.3,30,47087.18
2021-09-15,0.2111,1.184,1.085,2.964,67.8,49,48106.12
2021-09-16,0.2111,1.368,1.102,1.003,64.4,53,47745.55
2021-09-17,0.21,1.66,1.112,0.637,63.3,48,47303.11
2021-09-18,0.21,1.429,1.105,1.04,66.7,50,48285.15
2021-09-19,0.21,1.847,1.106,1.199,64.4,53,47256.91
2021-09-20,0.21,2.137,1.1,1.473,34.4,50,43026.6
2021-09-21,0.21,1.787,1.104,1.507,5.6,27,40726.1
2021-09-22,0.21,1.518,1.106,1.161,6.7,21,43520.0
2021-09-23,0.2026,1.171,1.111,1.9,27.8,27,44828.29
2021-09-24,0.1602,1.479,1.139,1.764,6.7,33,42798.49
2021-09-25,0.1558,1.305,1.123,1.201,1.1,28,42651.58
2021-09-26,0.1366,1.251,1.102,1.218,4.4,27,43150.0
2021-09-27,0.1366,1.441,1.099,0.939,1.1,26,42122.69
2021-09-28,0.1222,1.822,1.087,1.475,2.2,25,41006.32
2021-09-29,0.1061,2.069,1.075,0.934,15.6,24,41499.71
2021-09-30,0.1127,1.026,1.093,0.437,32.2,20,43796.57
2021-10-01,0.1346,0.781,1.105,0.926,64.4,27,48123.94
2021-10-02,0.1237,0.907,1.104,1.379,58.9,54,47626.61
2021-10-03,0.143,0.987,1.113,0.655,54.4,49,48187.3
2021-10-04,0.143,0.799,1.129,0.46,57.8,54,49198.22
2021-10-05,0.1351,0.731,1.099,1.384,80.0,59,51455.12
2021-10-06,0.1512,0.947,1.116,1.298,80.0,68,55321.6
2021-10-07,0.1938,1.123,1.164,0.926,81.1,76,53814.99
2021-10-08,0.2545,1.354,1.131,1.452,77.8,74,53975.0
2021-10-09,0.2755,1.199,1.126,1.545,81.1,72,54960.77
2021-10-10,0.2864,1.212,1.097,0.826,87.8,71,54700.0
2021-10-11,0.2864,0.962,1.119,1.765,96.7,71,57500.01
2021-10-12,0.3086,1.241,1.12,0.499,88.9,78,56011.84
2021-10-13,0.3086,0.978,1.121,0.876,75.6,70,57393.65
2021-10-14,0.2869,1.117,1.133,1.084,88.9,70,57378.19
2021-10-15,0.2734,1.021,1.137,2.069,98.9,71,61702.33
2021-10-16,0.3569,1.306,1.19,0.59,100.0,78,60925.56
2021-10-17,0.4317,1.434,1.182,1.358,98.9,79,61571.45
2021-10-18,0.4723,1.39,1.144,1.007,94.4,78,62037.92
2021-10-19,0.4773,0.987,1.144,0.539,100.0,75,64316.7
2021-10-20,0.5305,1.13,1.175,0.548,100.0,82,66064.24
2021-10-21,0.6687,1.96,1.164,0.742,97.8,84,62260.33
2021-10-22,0.7032,2.298,1.135,0.677,96.7,75,60734.27
2021-10-23,0.6424,2.178,1.163,0.938,95.6,74,61325.11
2021-10-24,0.6272,2.41,1.144,1.407,97.8,73,60902.82
2021-10-25,0.6432,1.971,1.157,1.004,97.8,72,63127.04
2021-10-26,0.7658,2.834,1.112,1.514,96.7,76,60358.75
2021-10-27,0.7691,2.778,1.153,2.331,91.1,73,58449.36
2021-10-28,0.6202,2.656,1.164,0.78,82.2,66,60622.03
2021-10-29,0.5946,2.372,1.155,1.856,86.7,70,62308.22
2021-10-30,0.6148,2.748,1.159,0.561,82.2,73,61895.19
2021-10-31,0.6263,3.35,1.147,0.822,92.2,74,61348.61
2021-11-01,0.6604,3.276,1.159,0.391,87.8,74,60942.87
2021-11-02,0.5993,2.241,1.184,1.286,96.7,73,63266.69
2021-11-03,0.6703,2.913,1.179,0.802,88.9,76,62946.45
2021-11-04,0.774,3.583,1.168,1.54,92.2,73,61431.86
2021-11-05,0.7865,3.769,1.144,1.194,96.7,73,61006.0
2021-11-06,0.844,3.246,1.162,1.392,97.8,71,61511.3
2021-11-07,0.8231,2.573,1.168,2.205,97.8,73,63316.4
2021-11-08,0.8263,1.856,1.166,0.993,100.0,75,67606.96
2021-11-09,0.8755,2.024,1.176,0.962,98.9,84,67009.98
2021-11-10,0.8815,2.416,1.202,1.208,96.7,75,64920.13
2021-11-11,0.7934,2.77,1.168,0.785,94.4,77,64831.3
2021-11-12,0.8057,3.415,1.168,1.195,96.7,74,64156.08
2021-11-13,0.7386,3.342,1.143,0.879,94.4,72,64427.0
2021-11-14,0.6846,3.383,1.145,0.562,97.8,74,65568.39
2021-11-15,0.6385,3.919,1.152,0.969,97.8,72,63654.49
2021-11-16,0.5488,4.065,1.097,0.879,91.1,71,60106.03
2021-11-17,0.4185,4.233,1.099,1.317,90.0,52,60366.96
2021-11-18,0.3947,4.229,1.101,0.878,78.9,54,56921.05
2021-11-19,0.3343,3.895,1.085,1.03,76.7,34,58069.51
2021-11-20,0.2953,3.521,1.118,0.862,77.8,43,59716.29
2021-11-21,0.2882,3.553,1.109,0.629,67.8,49,58661.39
2021-11-22,0.2404,4.514,1.1,0.715,73.3,50,56268.31
2021-11-23,0.2173,3.928,1.114,2.869,77.8,33,57574.23
2021-11-24,0.2161,4.117,1.13,0.717,76.7,42,57165.08
2021-11-25,0.2281,3.346,1.145,1.487,88.9,32,58988.21
2021-11-26,0.2557,5.696,1.104,0.781,85.6,47,53755.65
2021-11-27,0.2565,5.012,1.094,1.388,73.3,21,54738.77
2021-11-28,0.2565,4.334,1.132,0.763,87.8,27,57315.73
2021-11-29,0.2673,3.105,1.163,1.597,87.8,33,57827.98
2021-11-30,0.2822,4.035,1.134,1.314,62.2,40,56975.0
2021-12-01,0.3021,4.312,1.137,1.116,74.4,34,57209.29
2021-12-02,0.2948,4.61,1.126,0.716,60.0,32,56513.57
2021-12-03,0.2861,5.676,1.085,0.769,51.1,31,53612.0
2021-12-04,0.2744,2.792,1.016,0.862,8.9,25,49135.66
2021-12-05,0.2717,2.036,1.139,2.21,10.0,18,49376.6
2021-12-06,0.2609,1.799,1.1,1.83,5.6,16,50424.72
2021-12-07,0.2371,1.63,1.112,0.905,12.2,25,50577.2
2021-12-08,0.2153,1.912,1.06,1.05,12.2,28,50455.61
2021-12-09,0.2093,2.371,1.082,0.887,15.6,29,47539.76
2021-12-10,0.1904,2.298,1.069,0.57,1.1,24,47136.35
2021-12-11,0.2012,1.748,1.102,1.063,15.6,16,49381.15
2021-12-12,0.204,1.423,1.102,1.672,22.2,27,50057.01
2021-12-13,0.204,2.452,1.065,1.943,17.8,28,46679.93
2021-12-14,0.1983,1.999,1.074,1.148,20.0,21,48324.04
2021-12-15,0.1983,1.855,1.097,1.789,24.4,28,48870.48
2021-12-16,0.1983,2.226,1.094,0.766,26.7,29,47624.5
2021-12-17,0.193,3.227,1.027,1.161,28.9,23,46125.33
2021-12-18,0.1898,2.85,1.04,0.592,33.3,24,46815.99
2021-12-19,0.1868,2.78,1.075,0.403,33.3,29,46668.63
2021-12-20,0.1868,2.49,1.036,0.906,42.2,25,46898.14
2021-12-21,0.1977,1.331,1.11,0.452,68.9,27,48875.15
2021-12-22,0.1977,1.653,1.11,1.487,81.1,45,48569.69
2021-12-23,0.1914,1.584,1.084,1.978,94.4,34,50817.92
2021-12-24,0.1967,1.701,1.12,1.536,91.1,41,50808.55
2021-12-25,0.2,2.005,1.137,1.172,92.2,39,50403.64
2021-12-26,0.2029,2.168,1.146,0.774,87.8,37,50765.73
2021-12-27,0.2029,1.941,1.163,0.595,93.3,40,50707.72
2021-12-28,0.2037,3.109,1.109,0.663,74.4,41,47522.03
2021-12-29,0.2037,3.204,1.093,0.997,52.2,27,46436.54
2021-12-30,0.21,2.839,1.081,0.846,52.2,22,47095.02
2021-12-31,0.1969,,,,66.7,28,46210.56
2022-01-01,0.1969,,,,70.0,21,47704.35
2022-01-02,0.1969,,,,64.4,29,47280.0
2022-01-03,0.1969,,,,88.9,29,46445.81
2022-01-04,0.1969,,,,92.2,23,45833.42
2022-01-05,0.1969,,,,45.6,24,43421.69
2022-01-06,0.1969,,,,51.1,15,43080.01
2022-01-07,0.21,,,,26.7,18,41553.86
2022-01-08,0.21,,,,26.7,10,41688.05
2022-01-09,0.21,,,,25.6,23,41851.22
2022-01-10,0.2045,,,,26.7,23,41801.55
2022-01-11,0.2019,,,,37.8,21,42700.68
2022-01-12,0.1714,,,,46.7,22,43880.72
2022-01-13,0.1378,,,,28.9,21,42534.32
2022-01-14,0.0926,,,,26.7,21,43042.4
2022-01-15,0.0776,,,,28.9,23,43070.51
2022-01-16,0.0579,,,,21.1,21,43060.66
2022-01-17,0.0518,,,,25.6,22,42176.34
2022-01-18,0.0544,,,,21.1,24,42337.58
2022-01-19,0.0799,2.716,,,20.0,24,41657.89
2022-01-20,0.1134,3.153,,,20.0,24,40661.69
2022-01-21,0.1514,2.511,,,17.8,19,36425.98
2022-01-22,0.1495,1.888,,,17.8,13,35043.73
2022-01-23,0.1464,1.827,,,21.1,11,36230.01
2022-01-24,0.1421,1.293,,,21.1,13,36648.31
2022-01-25,0.1202,1.199,,,23.3,12,36934.26
2022-01-26,0.0898,1.258,,,23.3,23,36787.43
2022-01-27,0.0372,1.275,,,22.2,20,37131.0
2022-01-28,0.024,0.956,,,26.7,24,37696.21
2022-01-29,0.0121,0.941,,,28.9,24,38150.01
2022-01-30,0.0301,0.949,1.128,1.212,30.0,29,37870.01
2022-01-31,0.0119,0.729,,,37.8,20,38439.04
2022-02-01,-0.0004,0.83,,,31.1,26,38680.51
2022-02-02,0.0147,1.245,,,27.8,28,36892.03
2022-02-03,0.0292,1.165,,,30.0,20,37289.86
2022-02-04,0.0225,0.772,,,58.9,20,41550.0
2022-02-05,0.0489,0.73,,,52.2,33,41374.69
2022-02-06,0.0537,0.818,,,62.2,37,42361.35
2022-02-07,0.0549,0.897,,,65.6,45,43829.99
2022-02-08,0.089,1.108,,,46.7,48,44021.57
2022-02-09,0.0986,1.107,,,53.3,54,44358.08
2022-02-10,0.1248,1.287,,,35.6,50,43471.29
2022-02-11,0.113,1.521,,,34.4,50,42366.0
2022-02-12,0.1155,1.662,,,34.4,44,42199.87
2022-02-13,0.1083,1.699,,,33.3,44,42041.13
2022-02-14,0.1302,1.343,,,41.1,46,42525.14
2022-02-15,0.1079,1.189,,,66.7,46,44529.6
2022-02-16,0.1187,1.364,,,61.1,51,43860.7
2022-02-17,0.1305,1.948,,,35.6,52,40491.7
2022-02-18,0.1352,1.87,,,33.3,30,39966.8
2022-02-19,0.1239,2.053,,,40.0,25,40052.6
2022-02-20,0.1032,1.995,,,27.8,27,38368.1
2022-02-21,0.0827,1.896,,,25.6,25,36986.4
2022-02-22,0.069,1.352,,,32.2,20,38212.0
2022-02-23,0.0205,1.645,,,26.7,25,37227.8
2022-02-24,-0.0283,1.243,,,18.9,23,38315.1
2022-02-25,-0.0068,1.106,,,22.2,27,39205.4
2022-02-26,0.0015,1.143,,,22.2,26,39099.3
2022-02-27,0.0061,1.434,,,17.8,26,37672.0
2022-02-28,-0.0279,1.063,,,43.3,20,43155.0
2022-03-01,0.0024,0.967,,,55.6,51,44394.1
2022-03-02,0.0405,1.009,,,67.8,52,43885.7
2022-03-03,0.0892,1.423,,,65.6,39,42449.5
2022-03-04,0.102,1.806,,,42.2,33,39127.7
2022-03-05,0.0967,2.166,,,43.3,22,39375.1
2022-03-06,0.0951,2.08,,,30.0,22,38401.1
2022-03-07,0.1188,2.142,,,1.1,23,37963.8
2022-03-08,0.1178,1.817,,,24.4,21,38709.9
2022-03-09,0.1251,1.255,,,47.8,22,41937.5
2022-03-10,0.1044,2.006,,,26.7,28,39407.2
2022-03-11,0.0612,2.295,,,25.6,22,38713.0
2022-03-12,0.0388,2.153,,,30.0,22,38792.6
2022-03-13,0.0227,2.541,,,32.2,21,37743.7
2022-03-14,0.0226,1.816,,,37.8,23,39653.8
2022-03-15,0.0184,1.288,,,40.0,21,39271.0
2022-03-16,0.0175,1.206,,,48.9,24,41105.8
2022-03-17,0.0382,1.367,,,48.9,27,40898.1
2022-03-18,0.0731,1.077,,,67.8,25,41751.5
2022-03-19,0.1038,1.054,,,71.1,28,42188.2
2022-03-20,0.1448,1.295,,,50.0,31,41261.0
2022-03-21,0.1657,1.642,,,36.7,30,40982.0
2022-03-22,0.1765,1.285,,,61.1,26,42349.8
2022-03-23,0.1776,1.412,,,53.3,31,42867.9
2022-03-24,0.1492,0.757,,,94.4,40,43973.4
2022-03-25,0.143,0.746,,,95.6,47,44290.6
2022-03-26,0.1256,0.823,,,96.7,51,44489.2
2022-03-27,0.0986,0.851,,,100.0,49,46820.8
2022-03-28,0.1197,0.876,,,96.7,60,47121.9
2022-03-29,0.1193,1.026,,,96.7,56,47418.5
2022-03-30,0.1223,1.197,,,95.6,55,47053.2
2022-03-31,0.1507,1.542,,,86.7,52,45506.0
2022-04-01,0.1621,1.799,,,87.8,50,46266.2
2022-04-02,0.1795,1.66,,,77.8,52,45794.6
2022-04-03,0.2064,1.848,,,81.1,48,46392.4
2022-04-04,0.2064,1.67,,,92.2,52,46580.9
2022-04-05,0.2068,2.22,,,92.2,53,45477.4
2022-04-06,0.2067,2.359,,,92.2,48,43159.7
2022-04-07,0.1991,2.417,,,91.1,34,43417.1
2022-04-08,0.1966,2.594,,,88.9,37,42229.2
2022-04-09,0.1959,2.608,,,95.6,30,42727.7
2022-04-10,0.1849,2.689,,,95.6,34,42140.4
2022-04-11,0.1751,2.558,,,73.3,32,39505.6
2022-04-12,0.1213,3.027,,,77.8,20,40060.7
2022-04-13,0.089,2.26,,,71.1,25,41129.8
2022-04-14,0.0795,2.877,,,72.2,28,39915.9
2022-04-15,0.0429,2.585,,,72.2,22,40529.5
2022-04-16,0.0272,2.55,,,68.9,28,40361.0
2022-04-17,0.0288,2.847,,,72.2,28,39649.1
2022-04-18,-0.0173,2.298,,,63.3,24,40785.6
2022-04-19,0.0177,2.046,,,71.1,27,41472.9
2022-04-20,0.0429,1.948,,,71.1,27,41327.7
2022-04-21,0.0302,2.494,,,61.1,27,40449.8
2022-04-22,0.0281,3.305,,,80.0,26,39674.2
2022-04-23,-0.0139,3.116,,,81.1,24,39415.1
2022-04-24,-0.0717,3.104,,,80.0,24,39433.4
2022-04-25,-0.0554,2.647,,,68.9,23,40411.0
2022-04-26,-0.0366,3.365,,,61.1,27,38093.7
2022-04-27,-0.081,2.35,,,53.3,21,39209.0
2022-04-28,-0.0825,1.767,,,45.6,24,39732.5
2022-04-29,-0.0455,2.688,,,52.2,23,38572.2
2022-04-30,-0.016,3.145,,,50.0,20,37614.5
2022-05-01,0.0337,3.0,0.981,1.021,45.6,22,38440.5
2022-05-02,0.0723,2.441,,1.035,38.9,28,38525.6
2022-05-03,0.0723,3.531,,0.936,85.6,27,37712.9
2022-05-04,0.1165,1.743,,1.065,56.7,21,39684.0
2022-05-05,0.1477,3.821,,0.888,56.7,27,36534.7
2022-05-06,0.1101,3.312,,0.968,51.1,22,35995.3
2022-05-07,0.1104,3.389,,0.927,53.3,23,35466.7
2022-05-08,0.1153,2.866,,0.962,30.0,18,34032.0
2022-05-09,0.1163,2.368,,0.965,4.4,11,30056.6
2022-05-10,0.1163,2.801,,1.045,3.3,10,31002.1
2022-05-11,0.1048,2.399,,0.996,2.2,12,29074.7
2022-05-12,-0.0007,1.586,,1.02,2.2,12,29020.7
2022-05-13,0.0127,1.412,,1.029,3.3,10,29274.3
2022-05-14,0.0412,1.746,,1.03,3.3,9,30079.8
2022-05-15,0.0512,1.466,,1.069,6.7,10,31324.4
2022-05-16,0.045,1.507,,0.959,4.4,14,29866.7
2022-05-17,0.029,1.501,,1.01,5.6,8,30437.0
2022-05-18,0.0082,1.946,,0.961,7.8,12,28700.6
2022-05-19,0.0964,1.13,,1.08,15.6,13,30319.9
2022-05-20,0.1281,2.364,,0.955,11.1,13,29188.9
2022-05-21,0.0983,1.861,,1.022,11.1,13,29427.4
2022-05-22,0.0803,1.214,,1.046,15.6,14,30284.0
2022-05-23,0.0865,2.188,,0.948,13.3,10,29097.7
2022-05-24,0.0623,2.37,,1.002,14.4,12,29643.1
2022-05-25,0.0958,1.776,,0.995,12.2,11,29536.7
2022-05-26,0.1013,1.538,,0.978,15.6,12,29194.0
2022-05-27,0.1013,2.171,1.18,0.984,12.2,12,28623.2
2022-05-28,0.1298,1.726,1.175,1.051,13.3,13,29018.8
2022-05-29,0.1505,1.431,1.184,1.061,20.0,14,29452.8
2022-05-30,0.1505,1.265,1.212,1.11,27.8,10,31726.5
2022-05-31,0.1906,1.228,1.248,1.008,30.0,16,31797.8
2022-06-01,0.1969,1.965,1.196,0.92,20.0,17,29796.9
2022-06-02,0.1816,1.546,1.147,1.051,24.4,13,30437.1
2022-06-03,0.1537,2.232,1.162,0.963,20.0,10,29682.8
2022-06-04,0.1356,1.999,1.153,1.046,18.9,14,29848.4
2022-06-05,0.1175,1.762,1.149,1.029,20.0,10,29909.9
2022-06-06,0.1132,0.835,1.197,1.101,38.9,13,31361.2
2022-06-07,0.0793,1.014,1.218,0.994,30.0,15,31118.1
2022-06-08,0.0793,1.621,1.186,1.001,15.6,17,30192.5
2022-06-09,0.1055,2.052,1.128,0.979,26.7,11,30093.3
2022-06-10,0.1262,2.717,1.098,0.953,27.8,13,29077.7
2022-06-11,0.1243,2.639,1.139,0.946,27.8,12,28416.7
2022-06-12,0.1234,2.412,1.172,0.966,8.9,14,26564.7
2022-06-13,0.0996,1.724,1.246,0.994,1.1,11,22471.5
2022-06-14,0.0924,1.687,1.108,1.042,2.2,8,22122.7
2022-06-15,0.0524,1.671,1.038,1.031,3.3,7,22567.5
2022-06-16,0.0184,2.388,1.062,0.989,1.1,7,20387.4
2022-06-17,-0.011,2.74,1.015,1.014,5.6,9,20457.3
2022-06-18,-0.0026,1.554,1.143,0.98,1.1,6,18959.7
2022-06-19,-0.0067,1.219,1.127,1.087,5.6,6,20564.2
2022-06-20,-0.0022,1.059,1.133,1.04,7.8,9,20570.1
2022-06-21,0.026,1.08,1.13,1.039,10.0,9,20713.1
2022-06-22,0.0315,1.258,1.116,0.997,6.7,11,19977.4
2022-06-23,0.0313,0.984,1.151,1.083,12.2,11,21096.6
2022-06-24,0.0639,0.963,1.194,1.02,13.3,11,21231.2
2022-06-25,0.0694,0.872,,1.044,16.7,14,21481.9
2022-06-26,0.0832,1.099,,0.986,14.4,14,21029.1
2022-06-27,0.0942,1.227,1.088,0.989,12.2,12,20730.0
2022-06-28,0.0714,1.58,,0.984,13.3,10,20268.6
2022-06-29,0.0937,1.66,,0.995,12.2,13,20109.9
2022-06-30,0.0781,1.745,,0.994,3.3,11,19923.5
2022-07-01,0.0384,1.61,,1.001,2.2,11,19272.0
2022-07-02,0.0202,1.658,,1.019,3.3,14,19240.9
2022-07-03,0.0151,1.641,,1.036,4.4,11,19305.9
2022-07-04,0.0123,1.15,,1.085,23.3,14,20226.6
2022-07-05,0.0335,0.926,,1.031,21.1,19,20170.0
2022-07-06,0.044,0.921,,1.055,26.7,18,20554.1
2022-07-07,0.09,0.649,,1.096,52.2,18,21613.4
2022-07-08,0.124,0.816,,1.032,43.3,20,21587.9
2022-07-09,0.1457,0.968,,1.008,40.0,24,21580.0
2022-07-10,0.16,1.27,,0.932,30.0,24,20853.8
2022-07-11,0.1657,1.45,,0.975,25.6,22,19954.3
2022-07-12,0.1673,1.618,,0.992,24.4,16,19322.9
2022-07-13,0.1372,1.33,,1.061,28.9,15,20220.1
2022-07-14,0.1254,1.007,,1.064,36.7,18,20578.6
2022-07-15,0.1174,0.856,,1.055,43.3,15,20823.1
2022-07-16,0.1062,0.825,,1.036,47.8,21,21183.5
2022-07-17,0.1029,0.853,,0.994,43.3,24,20794.4
2022-07-18,0.1127,0.961,,1.045,57.8,20,22423.9
2022-07-19,0.1256,0.645,,1.042,77.8,30,23385.9
2022-07-20,0.1555,0.823,,1.022,73.3,31,23221.5
2022-07-21,0.172,0.959,,0.996,73.3,34,23144.5
2022-07-22,0.1849,1.119,,0.985,77.8,33,22675.1
2022-07-23,0.1901,1.238,,0.991,77.8,31,22440.2
2022-07-24,0.1854,1.046,,1.033,74.4,30,22570.6
2022-07-25,0.169,1.53,,0.953,44.4,30,21300.0
2022-07-26,0.1613,1.47,,1.015,53.3,26,21241.0
2022-07-27,0.1458,0.875,,1.09,76.7,28,22941.1
2022-07-28,0.145,0.74,,1.063,85.6,32,23836.2
2022-07-29,0.1499,0.698,,1.003,84.4,39,23771.1
2022-07-30,0.1598,0.772,,1.013,87.8,42,23629.9
2022-07-31,0.164,0.909,,0.98,82.2,39,23290.1
2022-08-01,0.1769,1.003,,0.993,80.0,33,23257.6
2022-08-02,0.1802,1.168,,1.015,75.6,31,22975.1
2022-08-03,0.1683,1.323,,1.008,82.2,34,22801.5
2022-08-04,0.1421,1.717,,0.945,67.8,30,22608.9
2022-08-05,0.1227,1.296,,1.043,64.4,31,23298.1
2022-08-06,0.1182,1.368,,0.969,68.9,31,22943.3
2022-08-07,0.1036,1.347,,1.035,74.4,30,23167.8
2022-08-08,0.0999,1.016,,1.06,97.8,30,23804.4
2022-08-09,0.1022,2.084,,0.886,90.0,42,23140.2
2022-08-10,0.1102,1.183,,1.034,88.9,31,23940.9
2022-08-11,0.1293,1.116,,1.001,96.7,41,23917.2
2022-08-12,0.1257,1.228,,0.994,98.9,42,24387.5
2022-08-13,0.1073,0.931,,1.023,98.9,46,24429.0
2022-08-14,0.0989,1.223,,0.978,92.2,47,24294.1
2022-08-15,0.0721,1.591,,0.969,78.9,45,24085.2
2022-08-16,0.0505,1.835,,0.959,73.3,44,23843.0
2022-08-17,0.0519,2.278,,0.962,88.9,41,23333.1
2022-08-18,0.0553,1.996,,0.996,86.7,30,23185.1
2022-08-19,0.0536,2.01,,0.922,33.3,33,20824.9
2022-08-20,0.0363,2.173,,1.025,35.6,29,21127.8
2022-08-21,0.0243,2.038,,1.038,40.0,27,21505.6
2022-08-22,0.021,2.193,,1.016,36.7,29,21387.0
2022-08-23,0.0082,1.556,,1.046,45.6,28,21518.2
2022-08-24,-0.0073,1.459,,1.03,47.8,25,21354.9
2022-08-25,-0.0267,1.647,,1.035,51.1,25,21548.3
2022-08-26,-0.0279,1.944,,0.937,45.6,27,20228.7
2022-08-27,-0.0312,2.007,,0.978,48.9,28,20023.9
2022-08-28,-0.035,2.127,,0.977,36.7,28,19547.5
2022-08-29,-0.0576,1.838,,1.085,54.4,24,20275.5
2022-08-30,-0.0592,2.402,,0.991,51.1,27,19803.1
2022-08-31,-0.0452,1.874,,1.05,33.3,23,20041.5
2022-09-01,-0.0361,2.154,,0.978,48.9,20,20122.5
2022-09-02,-0.0283,2.384,,1.013,35.6,25,19941.0
2022-09-03,-0.0045,2.908,1.073,0.949,62.2,21,19820.7
2022-09-04,0.0163,2.468,,1.011,60.0,20,19992.7
2022-09-05,0.0584,2.903,,0.968,67.8,23,19784.9
2022-09-06,0.0701,3.034,,0.91,61.1,22,18781.5
2022-09-07,0.0521,1.918,,1.039,44.4,24,19287.0
2022-09-08,0.0465,1.722,,1.033,38.9,20,19309.3
2022-09-09,0.0559,0.811,,1.141,98.9,22,21352.0
2022-09-10,0.0753,0.725,,1.056,100.0,28,21639.5
2022-09-11,0.091,0.676,,1.023,100.0,26,21820.3
2022-09-12,0.107,0.659,,1.058,100.0,25,22386.0
2022-09-13,0.1334,1.657,,0.968,58.9,34,20162.5
2022-09-14,0.1405,2.135,,0.991,46.7,27,20217.0
2022-09-15,0.142,2.732,,0.975,35.6,28,19690.8
2022-09-16,0.136,2.333,,0.991,54.4,20,19792.5
2022-09-17,0.1151,2.196,,1.058,62.2,22,20102.0
2022-09-18,0.1091,2.836,,0.933,53.3,27,19404.5
2022-09-19,0.0757,1.989,,0.987,24.4,21,19528.6
2022-09-20,0.0612,2.344,,0.987,21.1,23,18866.8
2022-09-21,0.0728,2.847,,1.008,17.8,23,18447.5
2022-09-22,0.0507,1.734,,1.048,41.1,22,19392.5
2022-09-23,0.0406,2.104,,1.0,21.1,20,19280.7
2022-09-24,0.0417,2.083,,0.988,23.3,24,18911.0
2022-09-25,0.0312,2.458,,0.97,25.6,24,18799.7
2022-09-26,0.0438,1.656,,1.04,57.8,21,19216.3
2022-09-27,0.0492,2.506,,1.013,55.6,20,19070.1
2022-09-28,0.0452,1.244,,1.017,65.6,20,19407.3
2022-09-29,0.0761,1.403,,1.012,68.9,22,19582.5
2022-09-30,0.1009,1.702,,0.997,51.1,21,19411.7
2022-10-01,0.1112,2.01,,0.96,48.9,20,19304.0
2022-10-02,0.1194,2.615,,0.954,43.3,24,19049.4
2022-10-03,0.1342,1.326,,1.07,81.1,24,19622.0
2022-10-04,0.1434,0.726,,1.096,100.0,20,20333.0
2022-10-05,0.168,0.921,,0.995,97.8,25,20150.0
2022-10-06,0.178,1.196,,0.99,96.7,26,19954.0
2022-10-07,0.1755,2.213,,0.927,91.1,23,19520.9
2022-10-08,0.1706,2.23,,0.956,87.8,24,19406.2
2022-10-09,0.1621,2.413,,1.022,88.9,22,19430.0
2022-10-10,0.1621,3.003,,0.939,91.1,22,19124.0
2022-10-11,0.1621,3.074,,0.999,93.3,24,19055.0
2022-10-12,0.1621,2.445,,1.014,88.9,20,19148.0
2022-10-13,0.1535,1.832,,0.986,92.2,20,19365.5
2022-10-14,0.1477,2.004,,0.993,83.3,24,19164.6
2022-10-15,0.145,2.225,,0.956,84.4,24,19060.4
2022-10-16,0.1446,2.296,,1.002,74.4,24,19251.9
2022-10-17,0.1339,1.424,,1.071,94.4,20,19540.6
2022-10-18,0.1339,1.905,,0.957,90.0,22,19320.9
2022-10-19,0.1315,2.488,,0.943,88.9,23,19116.7
2022-10-20,0.1282,2.885,,0.949,92.2,23,19034.7
2022-10-21,0.1149,2.248,,0.988,82.2,23,19150.9
2022-10-22,0.114,1.831,,1.039,82.2,20,19195.1
2022-10-23,0.1179,1.319,,1.112,96.7,23,19560.7
2022-10-24,0.1286,1.834,,0.952,76.7,22,19318.1
2022-10-25,0.1118,0.805,,1.081,98.9,20,20068.3
2022-10-26,0.0982,0.748,,1.021,100.0,33,20758.3
2022-10-27,0.0792,0.95,,0.931,91.1,32,20285.5
2022-10-28,0.0706,0.949,,1.001,88.9,30,20582.8
2022-10-29,0.0703,0.742,,0.998,94.4,34,20796.7
2022-10-30,0.0656,0.831,,0.971,83.3,34,20615.6
2022-10-31,0.0482,1.161,,0.967,61.1,31,20482.0
2022-11-01,0.036,1.159,,0.984,61.1,30,20472.1
2022-11-02,0.034,1.57,,0.99,51.1,30,20140.1
2022-11-03,0.0449,1.618,,0.999,51.1,30,20199.7
2022-11-04,0.0577,0.814,,1.047,86.7,30,21137.6
2022-11-05,0.0652,0.746,,1.025,92.2,38,21289.9
2022-11-06,0.0825,0.902,,0.918,75.6,40,20900.0
2022-11-07,0.1054,1.691,,0.942,53.3,33,20578.6
2022-11-08,0.1196,3.198,,0.949,3.3,31,18534.0
2022-11-09,0.068,2.516,,0.928,1.1,29,15905.0
2022-11-10,-0.197,2.007,,1.038,3.3,22,17588.0
2022-11-11,-0.242,2.23,,1.003,1.1,25,17058.3
2022-11-12,-0.2516,1.952,,1.027,1.1,21,16806.9
2022-11-13,-0.2789,2.435,,0.952,1.1,22,16321.2
2022-11-14,-0.3192,2.411,,1.014,1.1,24,16605.2
2022-11-15,-0.3607,1.532,,1.022,4.4,22,16888.3
2022-11-16,-0.3399,2.284,,0.982,6.7,23,16650.6
2022-11-17,-0.0973,1.698,,1.012,7.8,20,16682.1
2022-11-18,-0.0643,2.013,,1.03,6.7,23,16689.7
2022-11-19,-0.0614,1.92,,1.005,5.6,23,16692.9
2022-11-20,-0.0554,2.269,,0.951,3.3,24,16272.6
2022-11-21,-0.0338,2.648,,0.964,10.0,21,15773.0
2022-11-22,-0.0051,1.999,,1.066,12.2,22,16220.6
2022-11-23,0.0326,1.55,,1.051,11.1,22,16595.8
2022-11-24,0.0587,1.396,,1.01,13.3,20,16592.4
2022-11-25,0.0621,1.438,,0.994,15.6,20,16516.1
2022-11-26,0.0547,1.489,,0.999,16.7,22,16449.2
2022-11-27,0.0547,1.557,,1.013,20.0,26,16422.6
2022-11-28,0.0486,1.916,,0.991,10.0,28,16204.5
2022-11-29,0.0547,1.544,,1.048,22.2,26,16433.2
2022-11-30,0.0526,1.258,,1.097,25.6,29,17153.3
2022-12-01,0.0449,1.206,,0.978,27.8,27,16970.5
2022-12-02,0.0484,1.241,,1.027,28.9,27,17083.0
2022-12-03,0.0619,1.311,,0.969,27.8,27,16879.5
2022-12-04,0.0773,1.201,,1.105,37.8,26,17099.5
2022-12-05,0.0749,1.495,,0.968,22.2,26,16958.3
2022-12-06,0.0749,1.426,,1.038,1.1,25,17078.6
2022-12-07,0.065,1.606,,0.927,1.1,29,16828.0
2022-12-08,0.0625,1.015,,1.123,3.3,25,17216.0
2022-12-09,0.0636,1.022,,1.002,2.2,26,17122.0
2022-12-10,0.0446,1.058,,1.038,3.3,27,17120.0
2022-12-11,0.0299,1.172,,0.97,3.3,26,17077.3
2022-12-12,0.0328,1.147,,1.022,1.1,27,17200.0
2022-12-13,0.0391,0.852,,1.1,7.8,27,17777.1
2022-12-14,0.0621,0.816,1.109,1.047,15.6,30,17803.9
2022-12-15,0.0838,1.364,1.064,0.903,5.6,31,17351.8
2022-12-16,0.0839,1.782,1.042,0.936,1.1,29,16624.1
2022-12-17,0.1041,2.003,1.017,1.053,2.2,28,16768.0
2022-12-18,0.1141,1.971,1.041,1.066,2.2,26,16730.3
2022-12-19,0.1252,1.996,1.054,0.924,1.1,29,16429.2
2022-12-20,0.1192,1.616,1.046,1.059,2.2,29,16887.2
2022-12-21,0.1083,1.627,1.072,0.981,3.3,26,16819.6
2022-12-22,0.1014,1.95,1.067,0.996,7.8,28,16815.5
2022-12-23,0.1217,1.778,1.084,1.034,5.6,27,16776.4
2022-12-24,0.1232,1.68,1.075,1.017,7.8,29,16828.9
2022-12-25,0.1162,1.713,1.077,0.989,5.6,29,16824.4
2022-12-26,0.1028,1.728,1.059,1.077,5.6,28,16912.9
2022-12-27,0.1055,2.204,1.057,0.943,13.3,27,16698.2
2022-12-28,0.1026,2.319,1.052,0.969,14.4,28,16539.0
2022-12-29,0.1128,2.191,1.063,1.039,15.6,28,16630.3
2022-12-30,0.111,2.258,1.063,0.964,16.7,28,16601.2
2022-12-31,0.12,2.218,1.082,0.959,14.4,25,16537.6
2023-01-01,0.1353,2.122,1.046,0.995,20.0,26,16610.3
2023-01-02,0.131,1.965,1.058,1.017,15.6,27,16666.0
2023-01-03,0.1416,2.022,1.063,0.975,15.6,26,16667.2
2023-01-04,0.1403,1.549,1.072,1.033,13.3,29,16842.1
2023-01-05,0.1289,1.51,1.074,0.992,16.7,29,16823.8
2023-01-06,0.1226,1.43,1.084,1.023,18.9,26,16943.8
2023-01-07,0.1058,1.315,1.099,1.019,24.4,25,16936.5
2023-01-08,0.1082,1.379,1.087,1.122,22.2,25,17124.7
2023-01-09,0.1174,1.045,1.088,1.002,22.2,25,17169.7
2023-01-10,0.1103,0.901,1.054,1.054,41.1,26,17428.8
2023-01-11,0.1005,0.909,1.068,1.095,38.9,26,17935.7
2023-01-12,0.111,0.797,1.098,1.058,56.7,30,18838.0
2023-01-13,0.1173,0.797,1.099,1.063,72.2,31,19924.2
2023-01-14,0.1687,0.917,1.147,1.023,42.2,46,20962.8
2023-01-15,0.1916,0.899,1.132,0.988,42.2,52,20882.7
2023-01-16,0.2156,0.757,1.162,1.005,62.2,45,21188.3
2023-01-17,0.2304,0.756,1.152,1.013,71.1,51,21130.9
2023-01-18,0.2553,0.803,1.162,0.994,70.0,52,20680.0
2023-01-19,0.2578,0.766,1.128,1.025,78.9,45,21068.3
2023-01-20,0.2606,0.833,1.143,1.097,81.1,51,22661.1
2023-01-21,0.226,0.834,1.156,0.997,73.3,53,22781.9
2023-01-22,0.21,1.004,1.116,0.967,71.1,53,22704.6
2023-01-23,0.21,0.989,1.115,0.995,71.1,50,22913.1
2023-01-24,0.21,1.033,1.078,0.939,68.9,52,22627.4
2023-01-25,0.21,1.172,1.132,1.013,50.0,51,23060.6
2023-01-26,0.21,1.248,1.14,0.972,56.7,54,23001.9
2023-01-27,0.2095,1.082,1.153,0.99,67.8,55,23068.0
2023-01-28,0.2095,1.213,1.145,1.003,70.0,52,23015.9
2023-01-29,0.2095,0.851,1.149,1.06,92.2,55,23740.3
2023-01-30,0.2095,1.241,1.179,0.907,77.8,61,22819.9
2023-01-31,0.2095,1.092,1.164,1.02,92.2,51,23119.4
2023-02-01,0.2095,0.833,1.155,1.011,94.4,56,23730.0
2023-02-02,0.2095,1.012,1.171,0.978,93.3,60,23493.1
2023-02-03,0.21,1.314,1.131,0.972,93.3,60,23424.7
2023-02-04,0.21,1.396,1.133,0.987,95.6,58,23322.6
2023-02-05,0.21,1.591,1.127,0.895,97.8,58,22929.2
2023-02-06,0.21,1.54,1.122,0.972,96.7,56,22757.7
2023-02-07,0.21,1.324,1.143,1.038,97.8,54,23234.1
2023-02-08,0.21,1.617,1.143,0.964,98.9,58,22955.9
2023-02-09,0.21,1.515,1.152,0.928,80.0,55,21793.4
2023-02-10,0.21,1.64,1.129,0.986,84.4,48,21618.6
2023-02-11,0.1985,1.76,1.173,1.055,86.7,49,21851.3
2023-02-12,0.1861,1.749,1.154,0.991,74.4,50,21771.1
2023-02-13,0.1745,1.697,1.187,0.993,78.9,48,21766.2
2023-02-14,0.1734,1.332,1.157,1.016,91.1,50,22187.4
2023-02-15,0.1575,0.931,1.173,1.133,100.0,53,24332.6
2023-02-16,0.1706,0.77,1.316,0.985,98.9,62,23526.6
2023-02-17,0.1706,0.897,1.307,1.023,100.0,61,24581.5
2023-02-18,0.1821,0.903,1.279,0.997,100.0,60,24636.9
2023-02-19,0.1945,1.002,1.266,0.943,96.7,60,24265.9
2023-02-20,0.2061,0.93,1.249,1.016,100.0,58,24849.9
2023-02-21,0.2072,1.42,1.258,0.963,97.8,60,24443.4
2023-02-22,0.2232,1.693,1.216,0.931,92.2,59,24171.3
2023-02-23,0.1971,1.771,1.19,0.969,91.1,56,23928.8
2023-02-24,0.1825,2.181,1.17,0.92,88.9,53,23175.6
2023-02-25,0.1542,2.057,1.159,0.953,91.1,52,23146.2
2023-02-26,0.141,1.849,1.164,1.037,90.0,51,23545.3
2023-02-27,0.1271,1.823,1.185,0.988,83.3,50,23480.0
2023-02-28,0.1085,1.855,1.154,0.937,84.4,53,23129.6
2023-03-01,0.0987,1.654,1.189,1.042,85.6,50,23619.8
2023-03-02,0.1072,1.932,1.172,0.973,91.1,51,23457.1
2023-03-03,0.0974,2.185,1.131,0.872,71.1,50,22342.8
2023-03-04,0.1021,2.092,1.121,1.01,66.7,50,22335.7
2023-03-05,0.0916,2.045,1.137,1.04,67.8,47,22419.4
2023-03-06,0.0903,1.969,1.127,0.968,75.6,48,22397.1
2023-03-07,0.0871,2.164,1.123,0.974,75.6,49,22187.1
2023-03-08,0.0837,2.147,1.077,0.927,74.4,50,21695.4
2023-03-09,0.088,2.214,1.111,0.902,41.1,44,20348.3
2023-03-10,0.0724,1.949,1.079,0.982,34.4,34,20140.3
2023-03-11,0.0637,1.723,1.047,1.048,31.1,33,20447.3
2023-03-12,0.0629,1.424,1.106,1.105,31.1,33,21986.2
2023-03-13,0.074,0.851,1.151,1.068,81.1,49,24119.5
2023-03-14,0.1207,1.015,1.218,1.003,80.0,56,24682.5
2023-03-15,0.1602,1.063,1.291,0.997,64.4,50,24288.0
2023-03-16,0.1602,0.952,1.301,1.003,93.3,52,24990.4
2023-03-17,0.1936,0.78,1.361,1.068,100.0,51,27384.0
2023-03-18,0.2258,0.708,1.316,0.958,98.9,64,26907.0
2023-03-19,0.2504,0.756,1.254,1.033,100.0,63,27955.7
2023-03-20,0.2535,0.765,1.279,0.98,98.9,66,27704.1
2023-03-21,0.2083,0.728,1.223,0.991,98.9,68,28091.1
2023-03-22,0.1577,0.854,1.16,0.987,94.4,62,27233.8
2023-03-23,0.1368,0.704,1.157,1.037,96.7,57,28284.1
2023-03-24,0.1435,0.939,1.184,0.945,90.0,61,27438.9
2023-03-25,0.1139,0.936,1.152,0.987,87.8,64,27447.3
2023-03-26,0.0843,0.828,1.132,1.028,94.4,64,27954.3
2023-03-27,0.0601,1.105,1.126,0.932,87.8,64,27112.0
2023-03-28,0.0577,0.971,1.133,1.002,91.1,59,27249.7
2023-03-29,0.0753,0.695,1.172,1.055,97.8,57,28338.5
2023-03-30,0.0798,0.923,1.149,0.978,91.1,60,28015.0
2023-03-31,0.0635,0.721,1.117,1.013,95.6,63,28454.9
2023-04-01,0.0919,0.743,1.167,0.994,94.4,61,28443.8
2023-04-02,0.1075,0.922,1.15,0.942,93.3,63,28161.2
2023-04-03,0.1088,1.097,1.132,0.956,75.6,63,27786.1
2023-04-04,0.0929,0.881,1.096,1.016,83.3,62,28155.2
2023-04-05,0.0863,1.061,1.107,1.001,81.1,62,28154.0
2023-04-06,0.0746,1.145,1.127,0.949,83.3,63,28022.8
2023-04-07,0.0615,1.235,1.093,0.964,86.7,64,27890.7
2023-04-08,0.0366,1.206,1.085,0.987,85.6,61,27924.9
2023-04-09,0.0199,0.903,1.116,1.054,91.1,61,28309.4
2023-04-10,0.0398,0.606,1.133,1.125,100.0,62,29623.1
2023-04-11,0.0785,0.642,1.163,1.042,98.9,68,30185.1
2023-04-12,0.0815,0.803,1.157,0.947,97.8,65,29875.0
2023-04-13,0.1005,0.686,1.123,1.028,97.8,61,30362.7
2023-04-14,0.1132,0.869,1.124,0.984,90.0,68,30453.1
2023-04-15,0.1228,0.871,1.108,0.959,91.1,68,30280.4
2023-04-16,0.1507,0.962,1.094,0.996,87.8,68,30286.6
2023-04-17,0.1519,1.281,1.094,0.905,85.6,69,29420.0
2023-04-18,0.1329,0.973,1.072,1.015,85.6,58,30365.8
2023-04-19,0.1295,1.539,1.068,0.9,71.1,63,28795.1
2023-04-20,0.1265,1.855,1.076,0.956,73.3,52,28229.9
2023-04-21,0.1395,1.76,1.167,0.952,72.2,50,27252.5
2023-04-22,0.145,2.015,1.126,1.049,78.9,53,27807.2
2023-04-23,0.1254,1.794,1.152,0.957,74.4,56,27576.0
2023-04-24,0.109,1.817,1.131,0.975,71.1,53,27497.5
2023-04-25,0.1183,1.482,1.124,1.068,77.8,53,28286.7
2023-04-26,0.1182,1.396,1.19,1.013,50.0,56,28395.9
2023-04-27,0.1116,0.935,1.239,1.026,78.9,59,29459.0
2023-04-28,0.1097,1.052,1.257,0.982,82.2,64,29300.0
2023-04-29,0.1054,1.095,1.247,0.963,77.8,64,29212.7
2023-04-30,0.1106,1.095,1.262,1.006,74.4,60,29223.0
2023-05-01,0.0962,1.682,1.185,0.923,70.0,63,28054.4
2023-05-02,0.0843,1.307,1.138,1.035,74.4,55,28656.5
2023-05-03,0.088,1.155,1.206,1.025,62.2,64,29018.4
2023-05-04,0.1007,1.205,1.191,0.976,75.6,64,28826.0
2023-05-05,0.0985,0.847,1.206,1.043,92.2,61,29491.5
2023-05-06,0.1138,1.399,1.213,0.939,62.2,60,28837.8
2023-05-07,0.1155,1.31,1.202,0.958,60.0,64,28419.4
2023-05-08,0.1239,2.191,1.106,0.932,75.6,60,27659.8
2023-05-09,0.128,2.112,1.116,1.006,83.3,51,27610.2
2023-05-10,0.1206,1.966,1.109,0.981,55.6,52,27582.9
2023-05-11,0.11,2.062,1.158,0.954,76.7,52,26956.4
2023-05-12,0.0982,2.07,1.15,0.954,63.3,49,26785.1
2023-05-13,0.0781,1.825,1.162,1.026,65.6,48,26762.7
2023-05-14,0.0719,1.799,1.184,1.043,67.8,48,26901.9
2023-05-15,0.0695,1.579,1.156,1.006,70.0,50,27152.5
2023-05-16,0.0748,1.72,1.175,0.972,77.8,54,27024.8
2023-05-17,0.0824,1.538,1.216,1.016,80.0,50,27395.8
2023-05-18,0.097,2.087,1.233,0.949,47.8,51,26809.3
2023-05-19,0.0977,1.957,1.228,0.987,43.3,48,26870.1
2023-05-20,0.0947,1.835,1.223,1.086,50.0,48,27089.5
2023-05-21,0.1035,1.996,1.226,0.916,47.8,52,26732.8
2023-05-22,0.1089,1.932,1.246,1.027,46.7,49,26840.2
2023-05-23,0.1213,1.474,1.274,1.043,56.7,50,27209.9
2023-05-24,0.1178,2.617,1.217,0.905,85.6,50,26313.8
2023-05-25,0.1153,2.174,1.228,1.017,81.1,51,26461.8
2023-05-26,0.1288,1.594,1.255,1.023,43.3,49,26689.9
2023-05-27,0.145,1.678,1.264,1.039,64.4,48,26841.6
2023-05-28,0.1577,1.208,1.267,1.138,94.4,50,28055.7
2023-05-29,0.1797,1.368,1.35,0.979,90.0,52,27722.0
2023-05-30,0.1688,1.441,1.27,0.956,87.8,51,27680.1
2023-05-31,0.1675,2.292,1.271,0.926,83.3,51,27201.1
2023-06-01,0.1634,2.399,1.278,0.959,82.2,52,26805.3
2023-06-02,0.1628,2.051,1.265,0.99,85.6,50,27227.8
2023-06-03,0.1627,2.03,1.284,0.966,88.9,53,27054.9
2023-06-04,0.1577,1.905,1.312,1.041,70.0,52,27102.4
2023-06-05,0.1551,3.228,1.252,0.88,86.7,53,25714.7
2023-06-06,0.1301,1.601,1.269,1.078,72.2,44,27221.5
2023-06-07,0.139,2.004,1.336,0.962,15.6,53,26325.9
2023-06-08,0.1299,2.093,1.293,0.999,15.6,50,26485.9
2023-06-09,0.1248,1.986,1.31,1.001,13.3,50,26468.1
2023-06-10,0.1168,2.783,1.243,0.934,7.8,49,25826.6
2023-06-11,0.1055,2.321,1.248,1.001,3.3,47,25909.9
2023-06-12,0.0935,2.317,1.23,0.998,7.8,47,25894.8
2023-06-13,0.1221,2.336,1.236,1.011,8.9,45,25918.0
2023-06-14,0.1069,3.035,1.205,0.91,2.2,46,25115.9
2023-06-15,0.1039,2.331,1.189,1.006,7.8,41,25586.1
2023-06-16,0.09,1.307,1.258,1.062,18.9,47,26336.0
2023-06-17,0.1024,1.412,1.279,1.048,17.8,47,26508.9
2023-06-18,0.1075,1.304,1.258,0.979,20.0,49,26329.7
2023-06-19,0.1093,1.267,1.258,1.036,62.2,47,26828.5
2023-06-20,0.0879,0.815,1.22,1.092,98.9,49,28290.6
2023-06-21,0.0979,0.789,1.386,1.072,100.0,59,29988.5
2023-06-22,0.1176,0.715,1.412,0.977,100.0,65,29875.0
2023-06-23,0.1426,0.762,1.421,1.038,98.9,65,30673.4
2023-06-24,0.1452,0.841,1.453,0.966,95.6,62,30524.2
2023-06-25,0.1565,0.935,1.395,0.988,95.6,64,30458.0
2023-06-26,0.1694,1.025,1.441,0.961,95.6,55,30260.1
2023-06-27,0.1981,0.922,1.444,1.003,100.0,59,30683.2
2023-06-28,0.2031,1.116,1.43,0.934,86.7,62,30066.3
2023-06-29,0.1998,0.9,1.419,1.029,100.0,54,30439.9
2023-06-30,0.1998,1.095,1.48,0.973,84.4,56,30460.2
2023-07-01,0.1998,0.996,1.514,0.992,84.4,59,30573.6
2023-07-02,0.1998,0.983,1.537,0.982,83.3,63,30612.7
2023-07-03,0.1998,0.757,1.484,1.061,100.0,62,31149.0
2023-07-04,0.1998,0.924,1.479,0.953,93.3,64,30756.1
2023-07-05,0.2059,1.099,1.472,0.931,85.6,61,30488.4
2023-07-06,0.1992,1.313,1.452,0.956,73.3,56,29874.4
2023-07-07,0.1735,1.276,1.391,0.985,77.8,55,30327.9
2023-07-08,0.1515,1.328,1.428,1.01,76.7,58,30269.3
2023-07-09,0.1402,1.335,1.41,0.947,71.1,55,30147.8
2023-07-10,0.1159,1.078,1.425,1.01,80.0,56,30396.9
2023-07-11,0.1061,0.98,1.4,1.005,82.2,57,30608.4
2023-07-12,0.0943,1.239,1.38,0.98,86.7,64,30368.9
2023-07-13,0.0806,0.78,1.376,1.058,92.2,57,31441.7
2023-07-14,0.1063,1.65,1.301,0.899,66.7,60,30293.3
2023-07-15,0.0969,1.588,1.27,0.928,62.2,56,30276.4
2023-07-16,0.0926,1.597,1.295,0.944,64.4,57,30216.8
2023-07-17,0.1023,1.771,1.254,0.932,77.8,54,30126.1
2023-07-18,0.1003,1.894,1.235,0.938,77.8,56,29845.6
2023-07-19,0.105,1.862,1.235,0.982,75.6,50,29895.5
2023-07-20,0.1174,2.104,1.205,0.957,80.0,56,29791.0
2023-07-21,0.0947,1.812,1.212,0.967,75.6,50,29891.4
2023-07-22,0.0994,1.849,1.234,0.976,73.3,52,29783.5
2023-07-23,0.1073,1.511,1.302,1.093,52.2,54,30070.8
2023-07-24,0.1163,2.157,1.255,0.92,78.9,55,29163.8
2023-07-25,0.1222,1.949,1.265,1.043,73.3,50,29216.3
2023-07-26,0.1245,1.547,1.271,1.01,75.6,51,29336.0
2023-07-27,0.1164,1.68,1.307,0.997,75.6,51,29209.7
2023-07-28,0.1301,1.506,1.319,1.029,70.0,52,29299.9
2023-07-29,0.1489,1.557,1.316,1.024,71.1,52,29339.1
2023-07-30,0.1447,1.639,1.318,0.961,61.1,52,29271.1
2023-07-31,0.1383,1.848,1.328,1.007,71.1,50,29220.8
2023-08-01,0.1373,1.695,1.271,1.007,77.8,53,29701.2
2023-08-02,0.1421,1.999,1.414,0.943,80.0,53,29170.1
2023-08-03,0.1623,1.898,1.293,0.961,76.7,52,29180.2
2023-08-04,0.1693,2.177,1.302,0.942,82.2,54,29101.1
2023-08-05,0.1714,2.168,1.287,0.977,77.8,50,29057.7
2023-08-06,0.1833,2.134,1.32,0.997,72.2,49,29075.9
2023-08-07,0.193,2.012,1.286,1.0,74.4,49,29202.7
2023-08-08,0.195,1.034,1.299,1.096,100.0,54,29759.0
2023-08-09,0.1916,1.404,1.416,0.973,90.0,50,29572.8
2023-08-10,0.1898,1.642,1.333,0.966,88.9,53,29443.7
2023-08-11,0.1888,1.825,1.338,0.976,86.7,51,29415.5
2023-08-12,0.194,1.86,1.336,1.051,82.2,54,29420.7
2023-08-13,0.1886,1.98,1.352,0.91,77.8,54,29293.3
2023-08-14,0.1909,1.932,1.373,1.004,51.1,50,29419.5
2023-08-15,0.1959,2.189,1.356,0.942,74.4,53,29188.8
2023-08-16,0.1993,2.395,1.352,0.907,76.7,52,28714.4
2023-08-17,0.2011,2.225,1.008,0.873,16.7,50,26609.7
2023-08-18,0.1891,2.161,1.11,0.947,1.1,37,26042.1
2023-08-19,0.1539,2.513,1.287,0.926,1.1,39,26088.3
2023-08-20,0.1216,2.512,1.246,0.962,2.2,37,26175.9
2023-08-21,0.088,2.235,1.19,0.952,3.3,38,26115.4
2023-08-22,0.0588,2.473,1.217,0.975,1.1,37,26044.4
2023-08-23,0.0318,1.971,1.204,1.025,1.1,37,26419.2
2023-08-24,0.0064,2.486,1.212,0.982,2.2,41,26164.6
2023-08-25,-0.0014,2.378,1.258,0.983,1.1,39,26051.7
2023-08-26,0.0157,2.334,1.235,0.977,3.3,38,26004.3
2023-08-27,0.0287,2.32,1.182,1.026,5.6,38,26087.7
2023-08-28,0.0408,2.339,1.21,0.987,5.6,39,26106.5
2023-08-29,0.0337,1.178,1.176,1.053,13.3,39,27700.1
2023-08-30,0.0453,1.504,1.256,0.951,12.2,49,27290.4
2023-08-31,0.0585,2.242,1.248,0.931,1.1,52,25928.0
2023-09-01,0.066,2.444,1.267,0.999,2.2,40,25795.6
2023-09-02,0.0597,2.327,1.238,0.994,1.1,39,25855.8
2023-09-03,0.0623,2.244,1.208,1.011,2.2,40,25962.1
2023-09-04,0.0569,2.386,1.203,0.945,3.3,40,25814.0
2023-09-05,0.0686,2.473,1.184,0.998,5.6,40,25779.7
2023-09-06,0.0552,2.608,1.184,0.98,5.6,42,25747.4
2023-09-07,0.0519,1.986,1.194,1.068,8.9,41,26240.7
2023-09-08,0.0344,2.081,1.156,0.956,10.0,46,25899.8
2023-09-09,0.0255,1.995,1.145,1.016,10.0,41,25892.6
2023-09-10,0.0234,2.143,1.151,1.012,4.4,40,25828.4
2023-09-11,0.0236,2.606,1.114,0.953,17.8,40,25150.4
2023-09-12,0.0229,1.704,1.125,1.063,20.0,30,25825.8
2023-09-13,0.0285,1.436,1.12,1.045,25.6,41,26209.9
2023-09-14,0.013,1.267,1.105,1.013,27.8,45,26510.3
2023-09-15,0.0198,1.348,1.119,1.04,24.4,45,26591.1
2023-09-16,0.015,1.442,1.114,0.887,24.4,43,26546.9
2023-09-17,0.0118,1.397,1.112,0.875,18.9,46,26514.2
2023-09-18,0.0018,1.275,1.103,1.036,31.1,46,26749.9
2023-09-19,-0.0041,1.203,1.101,0.997,35.6,46,27196.0
2023-09-20,-0.0182,1.365,1.093,0.988,34.4,47,27107.7
2023-09-21,-0.0057,1.7,1.101,0.966,35.6,47,26552.6
2023-09-22,-0.0067,1.711,1.09,0.966,36.7,43,26566.7
2023-09-23,0.0106,1.764,1.079,0.923,32.2,47,26563.1
2023-09-24,0.0141,1.807,1.097,0.928,30.0,44,26232.4
2023-09-25,0.0329,1.839,1.082,1.028,30.0,47,26290.5
2023-09-26,0.0347,1.918,1.108,1.041,33.3,46,26208.8
2023-09-27,0.0575,1.816,1.108,1.02,27.8,44,26359.6
2023-09-28,0.0401,0.991,1.015,1.05,45.6,46,27011.8
2023-09-29,0.031,1.247,1.078,0.982,34.4,48,26890.9
2023-09-30,0.0266,1.238,1.093,1.029,38.9,47,26950.9
2023-10-01,0.0178,1.093,1.111,1.143,42.2,48,27981.4
2023-10-02,0.0108,1.108,1.181,0.989,38.9,50,27477.6
2023-10-03,0.0186,1.429,1.115,0.98,37.8,50,27412.0
2023-10-04,0.0126,1.347,1.09,1.037,50.0,49,27759.8
2023-10-05,0.0079,1.386,1.111,0.978,51.1,48,27398.4
2023-10-06,0.011,0.925,1.1,1.049,55.6,50,27916.3
2023-10-07,0.0141,0.955,1.117,0.963,54.4,49,27943.0
2023-10-08,0.0231,1.032,1.12,0.991,56.7,50,27901.2
2023-10-09,0.0334,1.277,1.126,0.968,51.1,50,27578.3
2023-10-10,0.0378,1.515,1.111,0.964,56.7,50,27381.2
2023-10-11,0.049,2.13,1.178,0.927,61.1,47,26864.5
2023-10-12,0.0794,1.856,1.178,0.967,60.0,45,26744.0
2023-10-13,0.0888,1.826,1.214,0.987,61.1,44,26849.8
2023-10-14,0.0866,1.825,1.145,0.978,64.4,47,26836.3
2023-10-15,0.0851,1.539,1.152,1.127,65.6,45,27139.8
2023-10-16,0.0799,1.129,1.169,1.062,55.6,47,28486.3
2023-10-17,0.0665,0.972,1.146,0.97,61.1,52,28381.9
2023-10-18,0.0431,1.126,1.172,1.011,45.6,50,28307.1
2023-10-19,0.0104,0.905,1.083,0.998,70.0,52,28696.9
2023-10-20,-0.0009,0.771,1.151,1.082,70.0,53,29653.0
2023-10-21,0.003,0.68,1.133,1.065,73.3,63,29895.4
2023-10-22,0.0062,0.714,1.141,0.988,72.2,53,29981.5
2023-10-23,0.0145,0.904,1.636,1.087,75.6,53,33074.0
2023-10-24,0.0451,0.87,1.568,1.01,74.4,66,33917.0
2023-10-25,0.0781,0.799,1.511,1.009,76.7,72,34487.7
2023-10-26,0.1207,0.911,1.492,0.95,77.8,71,34154.0
2023-10-27,0.1554,0.959,1.535,0.929,74.4,70,33893.1
2023-10-28,0.1767,0.961,1.487,1.012,77.8,65,34086.6
2023-10-29,0.1985,0.848,1.47,1.023,82.2,72,34528.6
2023-10-30,0.21,0.992,1.477,0.953,82.2,68,34483.8
2023-10-31,0.21,0.887,1.489,1.018,84.4,66,34651.4
2023-11-01,0.21,0.822,1.496,1.007,85.6,66,35437.4
2023-11-02,0.21,0.986,1.495,0.912,74.4,72,34940.1
2023-11-03,0.21,1.052,1.444,0.951,73.3,65,34700.4
2023-11-04,0.21,0.887,1.452,1.092,83.3,68,35069.7
2023-11-05,0.21,0.869,1.412,0.975,86.7,70,35025.5
2023-11-06,0.21,0.912,1.449,0.993,87.8,74,35057.4
2023-11-07,0.21,0.756,1.398,0.996,92.2,68,35406.5
2023-11-08,0.21,0.755,1.37,1.006,94.4,66,35626.7
2023-11-09,0.22,0.998,1.501,1.043,85.6,69,36719.5
2023-11-10,0.2217,0.924,1.452,0.951,86.7,70,37330.4
2023-11-11,0.233,0.985,1.444,0.953,86.7,70,37162.1
2023-11-12,0.2691,0.978,1.445,0.992,90.0,73,37085.5
2023-11-13,0.303,1.09,1.38,0.945,86.7,72,36486.2
2023-11-14,0.3212,1.315,1.344,0.899,73.3,69,35559.0
2023-11-15,0.3212,0.819,1.357,1.061,97.8,60,37885.6
2023-11-16,0.3184,1.384,1.324,0.932,85.6,70,36176.0
2023-11-17,0.3167,1.213,1.362,0.985,73.3,63,36621.9
2023-11-18,0.3054,1.117,1.359,0.97,81.1,69,36580.9
2023-11-19,0.2693,0.941,1.376,1.102,93.3,66,37375.9
2023-11-20,0.2354,0.837,1.379,0.953,96.7,69,37462.5
2023-11-21,0.2172,1.079,1.364,0.91,73.3,71,35737.0
2023-11-22,0.2172,0.777,1.306,1.059,92.2,62,37413.4
2023-11-23,0.21,0.839,1.29,0.987,93.3,66,37294.3
2023-11-24,0.21,0.776,1.237,1.01,87.8,66,37706.3
2023-11-25,0.21,0.817,1.212,0.977,85.6,73,37766.6
2023-11-26,0.21,0.975,1.216,0.928,80.0,73,37437.9
2023-11-27,0.21,1.205,1.188,0.948,78.9,66,37234.3
2023-11-28,0.21,0.679,1.206,1.025,94.4,68,37812.1
2023-11-29,0.21,0.808,1.186,1.006,95.6,72,37837.1
2023-11-30,0.21,0.932,1.198,0.98,94.4,74,37716.8
2023-12-01,0.21,0.593,1.166,1.051,100.0,71,38660.0
2023-12-02,0.2055,0.663,1.168,1.091,98.9,74,39435.0
2023-12-03,0.2055,0.701,1.231,1.04,96.7,73,39979.7
2023-12-04,0.2055,0.711,1.262,1.057,100.0,74,41993.1
2023-12-05,0.2055,0.786,1.263,1.043,100.0,75,44081.7
2023-12-06,0.2055,0.903,1.264,0.973,100.0,72,43774.8
2023-12-07,0.2055,1.023,1.288,0.94,97.8,72,43296.0
2023-12-08,0.229,0.904,1.311,1.015,97.8,72,44209.5
2023-12-09,0.2624,0.967,1.296,0.945,95.6,73,43734.3
2023-12-10,0.2974,1.066,1.272,0.984,97.8,74,43810.0
2023-12-11,0.3021,1.335,1.361,0.927,83.3,74,41271.0
2023-12-12,0.3021,1.432,1.357,1.002,90.0,67,41515.0
2023-12-13,0.3068,1.119,1.328,0.997,91.1,65,42875.0
2023-12-14,0.3068,1.082,1.256,0.981,90.0,72,43032.4
2023-12-15,0.2833,1.288,1.294,0.955,84.4,70,41968.0
2023-12-16,0.2544,1.224,1.268,0.991,84.4,67,42287.4
2023-12-17,0.2194,1.37,1.308,0.94,82.2,73,41396.5
2023-12-18,0.2236,1.186,1.28,1.013,87.8,65,42671.7
2023-12-19,0.2236,1.239,1.33,0.995,88.9,73,42298.3
2023-12-20,0.2331,0.876,1.295,1.039,92.2,74,43708.9
2023-12-21,0.2884,0.929,1.282,0.986,94.4,70,43896.3
2023-12-22,0.3368,1.028,1.29,0.974,88.9,74,43999.2
2023-12-23,0.3482,1.035,1.28,0.952,88.9,70,43725.2
2023-12-24,0.3687,1.141,1.249,0.913,85.6,71,43008.4
2023-12-25,0.3877,1.141,1.267,1.055,86.7,73,43611.9
2023-12-26,0.4544,1.653,1.27,0.885,86.7,71,42538.5
2023-12-27,0.5081,1.258,1.222,1.018,82.2,73,43453.8
2023-12-28,0.5238,1.553,1.22,0.971,77.8,73,42600.1
2023-12-29,0.5976,1.89,1.221,0.929,70.0,65,42095.1
2023-12-30,0.6707,1.44,1.265,0.987,72.2,68,42174.2
2023-12-31,0.7162,1.507,1.255,0.97,63.3,67,42314.0
2024-01-01,0.7565,1.092,1.259,1.082,84.4,65,44230.2
2024-01-02,0.8145,1.028,1.251,0.973,94.4,71,44979.8
2024-01-03,0.765,1.643,1.316,0.921,35.6,70,42849.5
2024-01-04,0.6939,1.173,1.197,1.004,64.4,68,44143.8
2024-01-05,0.5717,1.221,1.269,0.988,38.9,72,44145.4
2024-01-06,0.4873,1.238,1.26,1.0,42.2,70,43956.7
2024-01-07,0.4213,1.163,1.226,0.971,55.6,71,43916.9
2024-01-08,0.353,0.79,1.319,1.04,91.1,71,46972.7
2024-01-09,0.2283,1.16,1.36,0.99,76.7,76,46114.0
2024-01-10,0.21,1.601,1.293,0.964,68.9,73,46662.9
2024-01-11,0.21,1.707,1.351,0.977,78.9,76,46337.8
2024-01-12,0.21,2.69,1.474,0.912,67.8,71,42788.9
2024-01-13,0.21,2.831,1.392,0.971,70.0,64,42846.4
2024-01-14,0.21,2.661,1.396,0.909,67.8,60,41734.9
2024-01-15,0.21,2.605,1.313,1.022,55.6,52,42515.0
2024-01-16,0.21,2.155,1.317,0.985,64.4,64,43133.0
2024-01-17,0.21,2.516,1.348,0.994,73.3,60,42783.4
2024-01-18,0.21,2.913,1.322,0.914,63.3,63,41323.1
2024-01-19,0.21,2.441,1.315,1.007,43.3,51,41662.2
2024-01-20,0.21,2.361,1.31,0.978,43.3,52,41691.8
2024-01-21,0.21,2.396,1.29,0.985,42.2,56,41580.0
2024-01-22,0.21,2.615,1.308,0.933,27.8,55,39567.0
2024-01-23,0.21,2.349,1.384,0.997,31.1,50,39890.0
2024-01-24,0.21,2.12,1.401,1.017,36.7,48,40078.7
2024-01-25,0.21,2.032,1.4,0.997,43.3,52,39953.3
2024-01-26,0.21,1.464,1.277,1.066,80.0,49,41806.4
2024-01-27,0.2073,1.505,1.304,0.971,75.6,55,42102.2
2024-01-28,0.202,1.568,1.287,0.997,51.1,54,42021.2
2024-01-29,0.2011,1.339,1.276,1.034,80.0,55,43287.7
2024-01-30,0.1958,1.176,1.279,0.976,51.1,61,42918.3
2024-01-31,0.1879,1.422,1.297,0.998,31.1,60,42560.5
2024-02-01,0.1879,1.374,1.303,1.003,51.1,63,43072.6
2024-02-02,0.1879,1.303,1.318,0.999,60.0,63,43182.0
2024-02-03,0.1854,1.339,1.306,0.944,71.1,60,42992.4
2024-02-04,0.1878,1.547,1.331,0.942,73.3,60,42570.3
2024-02-05,0.1886,1.784,1.329,1.005,85.6,60,42692.9
2024-02-06,0.1907,1.251,1.33,0.991,87.8,64,43079.1
2024-02-07,0.1898,1.047,1.344,1.075,98.9,62,44326.2
2024-02-08,0.1789,0.811,1.254,1.007,100.0,66,45269.1
2024-02-09,0.1719,0.722,1.273,1.051,100.0,72,47116.1
2024-02-10,0.1752,0.649,1.303,1.031,100.0,74,47732.6
2024-02-11,0.1781,0.68,1.338,1.004,100.0,71,48303.4
2024-02-12,0.1781,0.608,1.368,1.036,100.0,70,49943.6
2024-02-13,0.1813,0.797,1.358,0.961,98.9,79,49696.4
2024-02-14,0.1924,0.588,1.328,1.049,100.0,74,51823.2
2024-02-15,0.2033,0.69,1.308,0.978,97.8,72,51898.5
2024-02-16,0.2103,0.629,1.286,1.0,100.0,72,52148.6
2024-02-17,0.2183,0.759,1.328,0.986,95.6,76,51679.4
2024-02-18,0.238,0.731,1.323,0.982,94.4,72,52175.9
2024-02-19,0.2639,0.795,1.324,0.978,96.7,75,51813.8
2024-02-20,0.2756,0.784,1.284,0.971,96.7,72,52297.4
2024-02-21,0.2745,1.023,1.312,0.964,92.2,78,51877.8
2024-02-22,0.2806,0.964,1.32,0.973,88.9,74,51316.9
2024-02-23,0.2836,1.184,1.313,0.924,92.2,76,50771.9
2024-02-24,0.2775,0.99,1.264,1.045,92.2,72,51602.1
2024-02-25,0.2694,0.938,1.275,1.004,88.9,74,51764.9
2024-02-26,0.289,0.681,1.287,1.083,97.8,72,54511.6
2024-02-27,0.3761,0.756,1.366,1.044,95.6,79,57074.5
2024-02-28,0.4488,1.005,1.575,1.029,100.0,82,62487.9
2024-02-29,0.6152,1.147,1.53,0.973,83.3,80,61203.3
2024-03-01,0.7464,1.069,1.49,0.994,94.4,80,62430.6
2024-03-02,0.8634,1.293,1.502,0.963,87.8,80,62039.9
2024-03-03,0.9557,1.158,1.53,1.011,100.0,83,63178.5
2024-03-04,1.0457,1.124,1.448,0.997,100.0,82,68296.4
2024-03-05,1.137,1.624,1.655,0.925,90.0,90,63747.4
2024-03-06,1.1526,1.232,1.664,0.985,98.9,75,66128.1
2024-03-07,1.0756,1.195,1.595,0.995,98.9,82,66870.0
2024-03-08,1.0527,1.214,1.581,1.016,98.9,81,68180.2
2024-03-09,0.9825,1.239,1.547,0.924,97.8,84,68360.1
2024-03-10,0.9976,1.089,1.55,0.989,98.9,79,69001.8
2024-03-11,1.0124,0.884,1.54,1.008,100.0,82,72153.8
2024-03-12,0.93,1.342,1.591,0.964,98.9,81,71503.2
2024-03-13,0.9536,1.019,1.565,1.008,100.0,81,73127.6
2024-03-14,0.9295,1.618,1.537,0.967,100.0,88,71455.5
2024-03-15,0.8564,1.672,1.483,0.947,94.4,83,69552.2
2024-03-16,0.8336,2.042,1.439,0.909,90.0,81,65351.0
2024-03-17,0.7403,1.558,1.423,1.004,93.3,79,68447.9
2024-03-18,0.638,1.581,1.525,0.982,92.2,77,67660.0
2024-03-19,0.5803,2.26,1.567,0.951,84.4,79,61974.1
2024-03-20,0.4815,1.325,1.464,1.026,90.0,74,67876.4
2024-03-21,0.4293,1.865,1.61,0.967,85.6,78,65539.9
2024-03-22,0.3994,2.367,1.428,0.929,76.7,75,63826.0
2024-03-23,0.3762,1.6,1.37,0.989,81.1,73,64020.3
2024-03-24,0.3614,1.417,1.373,1.092,88.9,74,67260.9
2024-03-25,0.3541,1.05,1.418,1.03,93.3,75,69920.5
2024-03-26,0.3411,1.175,1.446,0.999,96.7,81,70044.1
2024-03-27,0.3988,1.535,1.446,0.978,97.8,83,69532.6
2024-03-28,0.4331,1.084,1.407,1.01,97.8,80,70838.7
2024-03-29,0.4688,1.524,1.391,0.925,94.4,79,69903.6
2024-03-30,0.5242,1.391,1.394,0.97,93.3,75,69642.1
2024-03-31,0.5959,1.16,1.394,1.076,98.9,75,71363.0
2024-04-01,0.6563,1.521,1.381,0.943,95.6,79,69700.0
2024-04-02,0.6266,2.21,1.335,0.906,78.9,79,65505.3
2024-04-03,0.5547,2.141,1.229,0.984,81.1,71,65971.9
2024-04-04,0.5012,1.503,1.213,1.026,83.3,70,68489.9
2024-04-05,0.4573,1.625,1.226,0.979,76.7,79,67825.7
2024-04-06,0.401,1.335,1.194,1.04,78.9,75,68901.6
2024-04-07,0.3185,1.245,1.221,1.038,87.8,78,69362.7
2024-04-08,0.2426,1.058,1.391,1.057,93.3,76,71678.4
2024-04-09,0.2658,1.772,1.427,0.925,85.6,80,69189.3
2024-04-10,0.2702,1.398,1.332,0.981,90.0,78,70681.7
2024-04-11,0.294,1.305,1.395,0.985,92.2,76,70055.7
2024-04-12,0.3132,2.013,1.379,0.924,77.8,79,67136.4
2024-04-13,0.3132,1.96,1.354,0.913,32.2,72,63939.7
2024-04-14,0.3132,1.723,1.268,0.981,34.4,72,65615.9
2024-04-15,0.2797,2.149,1.25,0.96,28.9,74,63392.7
2024-04-16,0.2381,1.933,1.252,0.994,26.7,65,63765.0
2024-04-17,0.2202,2.423,1.311,0.962,26.7,67,61254.5
2024-04-18,0.1759,1.601,1.139,1.013,28.9,57,63445.0
2024-04-19,0.1362,1.427,1.246,1.004,27.8,66,63787.4
2024-04-20,0.1197,1.455,1.208,1.017,32.2,66,64897.2
2024-04-21,0.099,1.412,1.223,1.003,30.0,72,64912.6
2024-04-22,0.0851,1.206,1.169,1.035,48.9,73,66778.0
2024-04-23,0.069,1.355,1.193,0.963,40.0,71,66386.3
2024-04-24,0.0663,1.905,1.273,0.933,38.9,72,64250.0
2024-04-25,0.0689,1.68,1.192,0.974,25.6,72,64478.8
2024-04-26,0.0675,2.019,1.272,1.005,22.2,70,63748.8
2024-04-27,0.0743,2.181,1.239,0.943,20.0,67,63421.0
2024-04-28,0.0667,2.192,1.191,0.958,16.7,65,63088.3
2024-04-29,0.0737,1.896,1.209,0.988,18.9,67,63842.4
2024-04-30,0.0997,3.47,1.299,0.944,32.2,67,60651.2
2024-05-01,0.1148,2.944,1.282,0.947,10.0,54,58307.6
2024-05-02,0.1152,1.941,1.26,1.002,8.9,43,59036.7
2024-05-03,0.1101,1.248,1.228,1.057,43.3,48,62853.7
2024-05-04,0.1062,1.135,1.185,1.042,56.7,67,63864.2
2024-05-05,0.1159,1.128,1.127,1.036,51.1,69,63988.0
2024-05-06,0.1084,1.336,1.175,0.986,30.0,71,63142.8
2024-05-07,0.0962,1.558,1.16,0.953,27.8,68,62296.0
2024-05-08,0.0871,1.904,1.208,0.965,13.3,64,61157.9
2024-05-09,0.0906,1.779,1.174,1.03,24.4,55,63050.1
2024-05-10,0.1024,2.448,1.215,0.91,21.1,66,60778.1
2024-05-11,0.1037,2.251,1.164,0.989,14.4,53,60809.2
2024-05-12,0.1077,1.973,1.208,1.003,13.3,56,61455.8
2024-05-13,0.128,1.249,1.217,1.034,30.0,57,62912.1
2024-05-14,0.1356,1.924,1.311,0.956,6.7,66,61550.5
2024-05-15,0.1278,0.95,1.095,1.091,61.1,64,66175.4
2024-05-16,0.1224,1.042,1.2,0.953,55.6,70,65217.7
2024-05-17,0.113,0.945,1.11,1.029,63.3,74,66980.0
2024-05-18,0.1031,0.937,1.123,0.953,64.4,73,66884.9
2024-05-19,0.101,1.01,1.141,0.966,62.2,72,66239.4
2024-05-20,0.084,0.903,1.222,1.096,63.3,70,71466.5
2024-05-21,0.0903,1.193,1.58,0.944,78.9,76,70168.8
2024-05-22,0.114,1.312,1.562,0.994,77.8,76,69219.1
2024-05-23,0.1333,1.872,1.664,0.969,51.1,76,67999.9
2024-05-24,0.1581,1.424,1.551,0.972,50.0,74,68584.1
2024-05-25,0.1802,1.399,1.529,1.066,61.1,76,69314.4
2024-05-26,0.1969,1.473,1.54,0.918,53.3,75,68524.3
2024-05-27,0.2163,1.374,1.539,1.037,56.7,74,69461.6
2024-05-28,0.2158,1.751,1.571,0.928,52.2,72,68440.5
2024-05-29,0.2126,2.09,1.521,0.969,66.7,72,67686.7
2024-05-30,0.2126,1.556,1.485,1.022,63.3,73,68402.5
2024-05-31,0.2194,2.175,1.582,0.951,66.7,73,67577.9
2024-06-01,0.2197,2.068,1.547,0.963,64.4,72,67799.2
2024-06-02,0.2197,1.938,1.556,1.019,65.6,73,67805.9
2024-06-03,0.2238,1.394,1.454,1.053,78.9,73,68851.4
2024-06-04,0.2258,0.971,1.408,1.032,91.1,73,70580.0
2024-06-05,0.2329,0.934,1.4,0.987,94.4,75,71133.3
2024-06-06,0.2351,1.074,1.411,0.946,93.3,78,70830.0
2024-06-07,0.2284,1.522,1.402,0.952,86.7,77,69377.0
2024-06-08,0.2281,1.469,1.398,0.933,91.1,72,69346.5
2024-06-09,0.2281,1.495,1.398,1.012,93.3,75,69667.1
2024-06-10,0.224,1.404,1.434,0.993,98.9,72,69558.7
2024-06-11,0.222,2.192,1.381,0.895,80.0,74,67320.7
2024-06-12,0.2124,1.683,1.317,1.004,77.8,72,68270.3
2024-06-13,0.2102,2.221,1.358,0.974,74.4,70,66786.9
2024-06-14,0.21,2.317,1.457,0.931,64.4,74,66039.7
2024-06-15,0.21,2.156,1.515,0.986,67.8,74,66213.7
2024-06-16,0.21,2.162,1.468,1.027,70.0,71,66653.6
2024-06-17,0.21,2.087,1.517,0.99,65.6,71,66472.1
2024-06-18,0.2082,2.348,1.568,0.942,53.3,74,65150.0
2024-06-19,0.1953,2.532,1.462,0.951,44.4,64,64933.6
2024-06-20,0.1821,2.438,1.434,0.993,41.1,60,64854.0
2024-06-21,0.1728,2.773,1.542,0.924,44.4,63,64124.0
2024-06-22,0.1669,2.532,1.532,0.938,52.2,53,64240.0
2024-06-23,0.1539,2.611,1.545,0.905,46.7,55,63194.9
2024-06-24,0.1509,3.305,1.686,0.891,33.3,51,60273.6
2024-06-25,0.1438,2.596,1.523,0.989,36.7,30,61777.8
2024-06-26,0.1567,2.588,1.616,1.006,33.3,46,60860.1
2024-06-27,0.17,2.578,1.674,1.015,36.7,40,61682.0
2024-06-28,0.1793,3.12,1.771,0.98,42.2,47,60429.8
2024-06-29,0.1852,2.521,1.872,0.987,50.0,30,60982.4
2024-06-30,0.1982,2.185,1.863,1.083,81.1,47,62766.0
2024-07-01,0.2011,1.855,1.866,1.04,66.7,53,62883.6
2024-07-02,0.21,2.629,1.992,0.991,71.1,51,62123.6
2024-07-03,0.21,3.254,1.876,0.917,75.6,50,60208.0
2024-07-04,0.21,3.202,1.77,0.911,63.3,44,57045.9
2024-07-05,0.2018,2.356,1.528,0.951,40.0,29,56604.9
2024-07-06,0.1883,2.227,1.546,1.099,38.9,26,58216.0
2024-07-07,0.1864,2.112,1.636,0.934,32.2,29,55830.9
2024-07-08,0.1825,2.397,1.588,1.022,27.8,28,56686.4
2024-07-09,0.1734,1.695,1.619,1.03,47.8,27,58023.2
2024-07-10,0.1681,2.075,1.603,0.989,1.1,28,57707.0
2024-07-11,0.1681,1.947,1.753,0.983,55.6,29,57315.5
2024-07-12,0.1598,1.915,1.622,0.99,52.2,25,57870.0
2024-07-13,0.1685,1.402,1.579,1.093,68.9,25,59174.0
2024-07-14,0.1611,1.294,1.58,1.066,77.8,33,60766.0
2024-07-15,0.1423,1.132,1.312,1.105,90.0,52,64680.6
2024-07-16,0.1279,1.083,1.355,0.996,85.6,65,65010.0
2024-07-17,0.1037,1.192,1.477,0.982,68.9,69,64055.7
2024-07-18,0.079,1.383,1.455,0.984,62.2,61,63959.9
2024-07-19,0.0791,0.885,1.275,1.052,92.2,60,66627.9
2024-07-20,0.0544,0.976,1.289,1.016,90.0,74,67095.6
2024-07-21,0.0311,1.003,1.303,1.032,85.6,74,68138.0
2024-07-22,0.0417,1.055,1.329,0.969,83.3,70,67499.2
2024-07-23,0.0489,1.366,1.388,0.973,82.2,71,65916.4
2024-07-24,0.0784,1.452,1.421,0.983,73.3,69,65350.8
2024-07-25,0.103,1.337,1.576,0.957,83.3,68,65773.0
2024-07-26,0.1129,0.929,1.497,1.014,94.4,68,67882.5
2024-07-27,0.1361,0.927,1.481,1.023,97.8,72,67873.8
2024-07-28,0.1587,1.032,1.483,0.981,96.7,71,68215.5
2024-07-29,0.1648,1.49,1.496,0.966,88.9,74,66750.0
2024-07-30,0.1658,1.78,1.505,0.942,81.1,67,66159.3
2024-07-31,0.1499,2.109,1.514,0.961,68.9,61,64601.8
2024-08-01,0.1481,2.023,1.774,0.929,88.9,52,65328.9
2024-08-02,0.1547,2.343,1.888,0.935,71.1,57,61483.7
2024-08-03,0.1551,2.53,1.912,0.944,57.8,37,60684.6
2024-08-04,0.1603,2.546,1.942,0.924,51.1,34,58144.5
2024-08-05,0.1567,1.916,1.866,0.96,2.2,26,54003.1
2024-08-06,0.1473,1.593,1.531,1.011,5.6,17,55991.2
2024-08-07,0.1288,1.682,1.511,0.992,4.4,29,55102.9
2024-08-08,0.1075,1.067,1.506,1.121,15.6,20,61659.8
2024-08-09,0.0895,1.379,1.567,0.996,7.8,48,60808.6
2024-08-10,0.0582,1.337,1.436,0.984,6.7,40,60889.9
2024-08-11,0.0363,1.502,1.429,0.947,3.3,39,58693.1
2024-08-12,0.0235,1.794,1.466,0.997,3.3,25,59323.6
2024-08-13,0.0211,1.354,1.392,1.013,8.9,31,60550.5
2024-08-14,0.0174,2.123,1.251,0.936,14.4,30,58648.1
2024-08-15,0.0022,2.367,1.148,0.946,28.9,29,57511.0
2024-08-16,-0.029,1.432,1.086,1.015,30.0,27,58854.9
2024-08-17,-0.0157,1.431,1.103,1.039,35.6,25,59468.5
2024-08-18,-0.0196,1.51,1.111,0.985,31.1,31,58390.0
2024-08-19,-0.0396,1.814,1.125,0.995,22.2,28,59398.5
2024-08-20,-0.0423,1.932,1.175,1.011,35.6,30,58982.9
2024-08-21,-0.0412,1.127,1.131,1.003,61.1,26,61120.0
2024-08-22,-0.0411,1.567,1.095,0.968,45.6,39,60349.9
2024-08-23,-0.0271,0.9,1.069,1.067,83.3,34,64019.9
2024-08-24,-0.0282,0.96,1.076,1.009,85.6,56,64116.5
2024-08-25,-0.0309,0.935,1.05,1.035,86.7,54,64190.2
2024-08-26,-0.0089,1.131,1.092,0.956,62.2,55,62807.6
2024-08-27,0.0033,2.101,1.122,0.904,31.1,48,59384.5
2024-08-28,0.007,2.386,1.037,0.965,21.1,30,59010.0
2024-08-29,0.0131,2.006,1.04,0.987,28.9,29,59323.2
2024-08-30,0.0258,2.344,1.066,0.972,23.3,34,59096.3
2024-08-31,0.0265,2.09,1.076,0.976,27.8,29,58941.9
2024-09-01,0.0301,2.466,1.079,0.938,22.2,26,57268.1
2024-09-02,0.0169,2.016,1.043,1.095,40.0,26,59112.1
2024-09-03,0.0205,2.41,1.114,0.956,30.0,26,57451.9
2024-09-04,0.0256,1.946,1.09,0.988,23.3,27,57944.8
2024-09-05,0.0412,2.91,1.169,0.932,23.3,29,56145.7
2024-09-06,0.0374,3.647,1.176,0.916,16.7,22,53927.7
2024-09-07,0.0164,2.832,1.137,0.929,12.2,23,54134.9
2024-09-08,0.0086,2.741,1.056,0.977,20.0,29,54839.6
2024-09-09,-0.0065,1.643,1.028,1.07,53.3,26,57010.0
2024-09-10,-0.0326,1.574,1.004,0.999,53.3,33,57609.1
2024-09-11,-0.0508,1.579,0.996,0.97,52.2,37,57306.0
2024-09-12,-0.0697,1.437,0.971,1.036,55.6,31,58097.0
2024-09-13,-0.0768,1.003,0.908,1.065,82.2,32,60456.2
2024-09-14,-0.0669,1.097,0.948,0.944,71.1,50,59964.0
2024-09-15,-0.0595,1.212,0.937,0.959,65.6,51,59100.5
2024-09-16,-0.0282,1.911,1.012,0.984,53.3,39,58187.0
2024-09-17,-0.0023,1.086,0.956,1.044,66.7,33,60281.0
2024-09-18,0.0217,1.261,0.971,1.008,66.7,45,61735.3
2024-09-19,0.0377,0.839,0.937,1.044,85.6,49,62926.9
2024-09-20,0.0542,0.911,0.999,0.982,82.2,54,63175.7
2024-09-21,0.0826,0.934,1.018,1.014,86.7,54,63320.6
2024-09-22,0.1038,0.876,1.061,1.013,80.0,52,63558.4
2024-09-23,0.1042,1.019,1.036,0.985,93.3,50,63302.0
2024-09-24,0.0935,0.804,1.013,0.999,100.0,54,64243.1
2024-09-25,0.0895,1.105,1.091,0.939,88.9,59,63118.4
2024-09-26,0.0969,0.721,1.11,1.045,95.6,50,65139.2
2024-09-27,0.1028,0.783,1.115,1.038,91.1,61,65749.6
2024-09-28,0.0951,0.824,1.106,0.957,88.9,64,65822.6
2024-09-29,0.0851,0.861,1.086,1.002,87.8,63,65568.1
2024-09-30,0.0929,1.277,1.197,0.92,77.8,61,63309.1
2024-10-01,0.1179,1.577,1.34,0.887,55.6,50,60776.8
2024-10-02,0.1374,1.67,1.202,1.022,46.7,42,60622.6
2024-10-03,0.1326,1.627,1.193,0.991,54.4,37,60727.2
2024-10-04,0.1231,1.317,1.136,1.009,62.2,41,62054.4
2024-10-05,0.1083,1.344,1.128,0.957,60.0,49,62023.1
2024-10-06,0.1052,1.29,1.122,1.068,68.9,50,62789.3
2024-10-07,0.09,1.371,1.111,1.013,56.7,50,62190.7
2024-10-08,0.0735,1.521,1.155,1.004,64.4,49,62131.7
2024-10-09,0.0734,1.823,1.182,0.893,60.0,49,60606.4
2024-10-10,0.0739,2.094,1.18,0.929,51.1,39,60293.2
2024-10-11,0.0649,1.097,0.983,1.076,71.1,32,62509.0
2024-10-12,0.0753,1.055,0.996,1.048,91.1,49,63176.0
2024-10-13,0.0735,1.256,1.01,1.006,63.3,50,62839.8
2024-10-14,0.0931,0.708,1.118,1.115,93.3,48,66064.9
2024-10-15,0.1096,0.721,1.199,1.015,80.0,65,67044.1
2024-10-16,0.1134,0.647,1.151,1.044,96.7,73,67592.0
2024-10-17,0.1297,0.709,1.278,0.978,77.8,71,67401.5
2024-10-18,0.1593,0.622,1.255,1.034,100.0,73,68407.8
2024-10-19,0.1785,0.703,1.275,0.945,100.0,72,68357.1
2024-10-20,0.2023,0.671,1.256,1.086,100.0,73,69020.1
2024-10-21,0.2068,0.832,1.373,0.942,96.7,72,67368.8
2024-10-22,0.2068,0.827,1.381,0.951,95.6,70,67406.4
2024-10-23,0.21,1.074,1.444,0.929,78.9,71,66647.2
2024-10-24,0.21,0.842,1.397,1.013,90.0,69,68173.8
2024-10-25,0.21,1.036,1.381,0.921,57.8,72,66662.8
2024-10-26,0.2023,0.929,1.364,1.011,65.6,,67071.8
2024-10-27,0.202,0.813,1.368,1.074,80.0,74,67992.6
2024-10-28,0.2004,0.57,1.339,1.13,100.0,72,69940.0
2024-10-29,0.2004,0.562,1.417,1.085,100.0,72,72739.5
2024-10-30,0.2004,0.618,1.459,0.994,98.9,77,72349.0
2024-10-31,0.2004,0.906,1.61,0.918,97.8,77,70321.9
2024-11-01,0.2004,1.103,1.646,0.935,87.8,75,69495.5
2024-11-02,0.2081,1.119,1.652,0.947,94.4,72,69366.6
2024-11-03,0.2084,1.244,1.706,0.952,83.3,74,68762.5
2024-11-04,0.21,1.473,1.839,0.97,81.1,70,67834.3
2024-11-05,0.21,1.236,1.709,1.007,84.4,70,69353.1
2024-11-06,0.21,0.659,1.477,1.042,100.0,70,75579.9
2024-11-07,0.21,0.652,1.398,0.994,98.9,77,75859.4
2024-11-08,0.21,0.595,1.29,0.984,100.0,75,76482.2
2024-11-09,0.21,0.61,1.312,1.024,96.7,75,76675.1
2024-11-10,0.2297,0.66,1.477,1.066,100.0,78,80410.0
2024-11-11,0.2566,0.809,1.644,1.061,100.0,76,88728.9
2024-11-12,0.3582,0.766,1.813,0.967,98.9,80,87972.0
2024-11-13,0.3732,0.902,1.655,0.996,98.9,84,90413.3
2024-11-14,0.3732,1.138,1.637,0.923,98.9,88,87382.7
2024-11-15,0.3742,0.787,1.651,1.005,100.0,80,91074.6
2024-11-16,0.3774,0.811,1.683,0.967,98.9,86,90643.3
2024-11-17,0.364,0.991,1.639,0.92,97.8,90,89899.9
2024-11-18,0.3749,0.908,1.585,0.981,98.9,83,90507.4
2024-11-19,0.3131,0.795,1.569,1.033,100.0,90,92335.9
2024-11-20,0.2981,0.608,1.436,1.012,100.0,83,94288.0
2024-11-21,0.2981,0.713,1.44,1.046,100.0,82,98366.8
2024-11-22,0.2971,0.738,1.404,0.964,100.0,94,98921.4
2024-11-23,0.2939,0.893,1.365,0.925,98.9,93,97725.5
2024-11-24,0.3069,0.951,1.392,0.954,96.7,80,97960.4
2024-11-25,0.2954,1.299,1.554,0.907,94.4,82,93064.0
2024-11-26,0.2951,1.449,1.716,0.963,93.3,79,92021.4
2024-11-27,0.3231,0.967,1.524,1.019,93.3,75,95905.2
2024-11-28,0.3293,1.074,1.578,1.021,92.2,77,95694.4
2024-11-29,0.3536,0.863,1.579,1.037,96.7,78,97516.3
2024-11-30,0.3615,0.98,1.641,0.938,92.2,84,96475.1
2024-12-01,0.3576,0.91,1.626,0.992,93.3,81,97265.1
2024-12-02,0.365,1.114,1.567,0.945,90.0,80,95890.5
2024-12-03,0.3453,1.072,1.649,0.973,91.1,76,95913.3
2024-12-04,0.3634,0.829,1.562,1.011,100.0,78,98669.8
2024-12-05,0.4743,1.358,1.956,0.984,97.8,84,97001.5
2024-12-06,0.4547,0.961,1.586,0.964,96.7,72,99802.5
2024-12-07,0.4751,1.094,1.733,0.95,95.6,75,99899.2
2024-12-08,0.4808,1.041,1.705,0.999,98.9,79,101200.0
2024-12-09,0.4797,1.402,1.805,0.897,91.1,78,97349.1
2024-12-10,0.46,1.377,1.766,0.991,87.8,78,96602.4
2024-12-11,0.4139,0.746,1.685,1.062,100.0,74,101115.3
2024-12-12,0.2968,0.845,1.847,1.013,98.9,83,99982.4
2024-12-13,0.2921,0.707,1.657,0.995,98.9,76,101371.9
2024-12-14,0.2604,0.764,1.712,0.973,98.9,83,101381.0
2024-12-15,0.2375,0.631,1.652,1.153,100.0,80,104460.4
2024-12-16,0.2041,0.623,1.661,1.026,98.9,83,106023.2
2024-12-17,0.202,0.677,1.607,1.023,97.8,87,106074.6
2024-12-18,0.2012,1.19,1.704,0.9,93.3,81,100181.1
2024-12-19,0.2012,1.548,1.765,0.927,87.8,75,97434.4
2024-12-20,0.2012,1.412,2.115,0.941,80.0,74,97764.4
2024-12-21,0.1956,1.373,2.137,0.993,76.7,73,97261.8
2024-12-22,0.197,1.533,2.196,0.909,66.7,73,95153.5
2024-12-23,0.1968,2.011,2.218,0.972,76.7,70,94861.1
2024-12-24,0.199,1.102,2.014,1.07,90.0,73,98627.2
2024-12-25,0.1998,1.083,2.019,0.997,90.0,73,99379.7
2024-12-26,0.1957,1.535,2.13,0.955,74.4,79,95751.0
2024-12-27,0.1957,1.771,2.206,0.982,71.1,74,94258.9
2024-12-28,0.1973,1.734,2.118,1.082,76.7,72,95259.1
2024-12-29,0.1957,1.86,2.08,0.897,67.8,73,93700.0
2024-12-30,0.1854,2.034,2.122,0.998,65.6,65,92759.3
2024-12-31,0.1854,1.82,2.114,1.054,71.1,64,93548.9
2025-01-01,0.1854,1.684,2.108,1.004,77.8,66,94580.9
2025-01-02,0.1896,1.146,2.031,1.019,82.2,70,96967.5
2025-01-03,0.1848,1.088,2.114,1.001,81.1,74,98145.7
2025-01-04,0.1805,1.128,2.138,0.928,72.2,73,98173.2
2025-01-05,0.1808,1.13,2.084,0.964,80.0,72,98340.2
2025-01-06,0.1921,0.762,1.93,1.049,96.7,76,102180.4
2025-01-07,0.1892,1.553,2.212,0.923,81.1,78,96920.3
2025-01-08,0.1892,1.816,2.305,0.923,68.9,70,95014.1
2025-01-09,0.1785,2.157,2.104,0.907,45.6,69,92505.9
2025-01-10,0.1643,1.694,1.932,1.009,50.0,50,94675.5
2025-01-11,0.1581,1.737,1.939,0.93,48.9,69,94562.5
2025-01-12,0.1447,1.743,1.908,0.979,46.7,62,94499.9
2025-01-13,0.1278,1.685,1.91,0.936,40.0,61,94485.3
2025-01-14,0.1301,1.243,1.863,1.055,42.2,63,96514.9
2025-01-15,0.1197,0.885,1.757,1.052,70.0,70,100460.0
2025-01-16,0.1133,0.906,1.806,0.973,67.8,75,99937.4
2025-01-17,0.1198,0.719,1.552,1.08,95.6,75,104042.5
2025-01-18,0.1341,0.79,1.786,0.973,88.9,77,104524.3
2025-01-19,0.1493,0.994,1.925,0.984,55.6,77,101311.5
2025-01-20,0.1661,1.118,2.175,0.996,61.1,76,102247.6
2025-01-21,0.1666,0.786,1.938,1.009,90.0,76,106114.5
2025-01-22,0.177,1.099,2.106,0.979,66.7,84,103664.9
2025-01-23,0.1914,1.121,1.897,0.98,41.1,75,103864.1
2025-01-24,0.1914,0.831,1.815,1.013,63.3,75,104808.1
2025-01-25,0.1867,0.963,1.887,1.002,50.0,75,104702.0
2025-01-26,0.1835,1.145,1.916,0.899,36.7,73,102560.1
2025-01-27,0.1664,1.52,1.973,0.93,55.6,71,102021.3
2025-01-28,0.1599,1.318,1.897,0.958,26.7,72,101279.6
2025-01-29,0.1599,1.01,1.797,1.017,45.6,72,103698.2
2025-01-30,0.1597,0.821,1.784,1.033,64.4,70,104676.9
2025-01-31,0.1635,1.513,2.13,0.973,48.9,76,102379.7
2025-02-01,0.161,1.637,1.991,0.845,44.4,68,100603.6
2025-02-02,0.1425,2.16,1.953,0.899,22.2,60,97664.5
2025-02-03,0.1544,1.338,1.849,0.966,17.8,44,101293.7
2025-02-04,0.1444,1.673,2.32,0.966,5.6,72,97709.9
2025-02-05,0.1204,1.748,2.031,0.995,5.6,54,96553.2
2025-02-06,0.1012,1.965,2.061,1.028,3.3,49,96515.1
2025-02-07,0.1001,2.02,1.86,0.97,3.3,44,96454.5
2025-02-08,0.078,1.939,1.893,0.953,4.4,44,96411.9
2025-02-09,0.086,2.035,2.016,0.931,1.1,46,96423.6
2025-02-10,0.0796,1.586,2.04,0.986,7.8,43,97379.2
2025-02-11,0.0749,2.31,1.916,1.018,11.1,47,95731.4
2025-02-12,0.0801,1.478,2.005,1.002,11.1,46,97816.3
2025-02-13,0.0872,2.091,1.95,0.986,10.0,50,96560.6
2025-02-14,0.0838,1.422,1.902,1.005,8.9,48,97445.1
2025-02-15,0.0935,1.449,1.897,0.99,8.9,50,97538.0
2025-02-16,0.0845,1.743,1.909,0.986,3.3,54,96067.0
2025-02-17,0.0807,2.22,1.877,1.002,7.8,51,95743.2
2025-02-18,0.1014,2.377,1.855,0.983,16.7,47,95622.0
2025-02-19,0.114,1.587,2.015,1.019,13.3,44,96598.0
2025-02-20,0.1121,1.064,1.718,1.009,23.3,49,98252.9
2025-02-21,0.0977,1.937,2.127,0.988,17.8,55,96127.9
2025-02-22,0.1094,1.604,1.934,1.005,17.8,49,96503.3
2025-02-23,0.1107,2.003,1.765,0.907,18.9,50,96218.4
2025-02-24,0.1021,2.561,1.679,0.923,31.1,49,91514.5
2025-02-25,0.0892,2.941,1.866,0.953,15.6,25,88639.1
2025-02-26,0.085,2.788,2.07,0.93,1.1,21,84208.5
2025-02-27,0.0901,2.661,2.055,1.0,2.2,10,84668.1
2025-02-28,0.1063,1.798,1.951,0.96,1.1,16,84299.6
2025-03-01,0.0806,1.734,1.882,1.025,2.2,20,86007.7
2025-03-02,0.0651,1.274,1.795,1.052,15.6,26,94222.8
2025-03-03,0.0597,2.285,2.025,0.949,1.1,33,86192.7
2025-03-04,0.0426,1.776,1.984,0.986,1.1,15,87245.9
2025-03-05,0.0349,1.299,1.894,0.993,3.3,20,90566.1
2025-03-06,0.0336,1.421,2.156,1.001,3.3,25,89887.8
2025-03-07,0.0148,2.165,2.094,0.978,2.2,34,86753.8
2025-03-08,0.0287,2.326,1.907,0.969,1.1,28,86184.7
2025-03-09,0.0459,2.7,1.957,0.919,1.1,27,80688.8
2025-03-10,0.0547,2.942,1.889,1.006,1.1,20,78567.8
2025-03-11,0.0719,1.796,1.912,1.005,3.3,24,82896.0
2025-03-12,0.0704,1.849,1.941,0.981,3.3,34,83640.7
2025-03-13,0.0594,2.412,2.051,0.97,5.6,45,81085.4
2025-03-14,0.0706,1.222,1.767,1.004,10.0,27,83939.8
2025-03-15,0.0549,1.328,1.737,1.038,8.9,46,84302.9
2025-03-16,0.0504,1.675,1.949,0.997,2.2,30,82541.6
2025-03-17,0.0514,1.31,1.8,0.969,11.1,32,83962.9
2025-03-18,0.041,2.116,1.962,0.984,6.7,34,82666.1
2025-03-19,0.0418,1.055,1.755,1.074,18.9,32,86809.8
2025-03-20,0.0429,1.642,2.046,1.015,12.2,49,84183.6
2025-03-21,0.0413,1.571,1.912,1.006,11.1,31,84050.3
2025-03-22,0.0562,1.548,1.917,0.895,8.9,32,83804.9
2025-03-23,0.0562,1.203,1.825,1.137,20.0,30,86044.2
2025-03-24,0.05,0.815,1.604,1.022,26.7,45,87463.4
2025-03-25,0.0408,0.918,1.459,0.998,23.3,46,87369.8
2025-03-26,0.0252,1.092,1.593,0.937,17.8,47,86873.8
2025-03-27,0.0233,1.028,1.501,0.947,22.2,40,87191.2
2025-03-28,0.0231,2.064,1.71,0.962,24.4,44,84380.8
2025-03-29,0.033,2.009,1.653,0.933,8.9,26,82604.7
2025-03-30,0.0324,1.995,1.657,0.967,4.4,32,82352.8
2025-03-31,0.0388,1.96,1.63,1.022,4.4,34,82517.5
2025-04-01,0.0521,1.12,1.506,1.028,21.1,34,85120.9
2025-04-02,0.0582,1.466,1.586,1.007,6.7,44,82485.1
2025-04-03,0.0707,1.96,1.797,1.025,17.8,25,83181.5
2025-04-04,0.0785,1.211,1.708,0.985,24.4,28,83861.3
2025-04-05,0.0788,1.621,1.831,0.975,16.7,30,83506.1
2025-04-06,0.0784,2.2,1.952,0.935,5.6,34,78390.0
2025-04-07,0.0847,1.605,1.795,0.995,2.2,23,79140.0
2025-04-08,0.0851,2.138,1.934,0.999,2.2,24,76297.9
2025-04-09,0.0976,0.896,1.712,0.991,33.3,18,82588.0
2025-04-10,0.0948,1.754,2.069,0.971,15.6,39,79560.2
2025-04-11,0.0788,0.779,1.702,1.037,41.1,25,83378.3
2025-04-12,0.0771,0.738,1.714,1.107,47.8,43,85237.8
2025-04-13,0.0952,0.954,2.03,1.023,41.1,45,83713.7
2025-04-14,0.0961,0.919,1.921,1.018,41.1,31,84553.9
2025-04-15,0.0917,1.036,1.886,1.011,43.3,38,83608.7
2025-04-16,0.0889,0.983,1.851,0.992,42.2,29,83990.0
2025-04-17,0.0848,0.837,1.74,1.043,48.9,30,84915.0
2025-04-18,0.0956,1.002,1.764,0.985,43.3,33,84421.0
2025-04-19,0.0879,0.843,1.579,1.023,52.2,32,85046.9
2025-04-20,0.0611,1.01,1.656,0.984,50.0,37,85138.8
2025-04-21,0.0557,0.738,1.598,1.08,61.1,39,87466.0
2025-04-22,0.0492,0.606,1.374,1.136,84.4,47,93404.9
2025-04-23,0.0424,0.611,1.47,0.985,78.9,72,93632.1
2025-04-24,0.0323,0.648,1.398,1.046,83.3,63,93931.6
2025-04-25,0.019,0.579,1.296,0.968,92.2,60,94591.8
2025-04-26,0.002,0.664,1.358,0.978,87.8,65,94575.7
2025-04-27,0.003,0.711,1.41,1.007,86.7,61,93697.1
2025-04-28,-0.0144,0.691,1.386,1.011,84.4,54,94969.0
2025-04-29,-0.0134,0.733,1.454,1.015,83.3,60,94200.1
2025-04-30,-0.024,0.779,1.449,1.011,75.6,56,94125.1
2025-05-01,-0.0231,0.571,1.237,1.097,98.9,53,96423.3
2025-05-02,-0.0519,0.615,1.29,0.975,100.0,67,96831.2
2025-05-03,-0.0462,0.712,1.301,0.927,94.4,65,95803.3
2025-05-04,-0.0362,0.798,1.326,0.956,83.3,64,94230.2
2025-05-05,-0.0321,0.856,1.256,1.031,78.9,52,94696.7
2025-05-06,-0.0258,0.725,1.307,1.009,93.3,59,96798.9
2025-05-07,-0.0173,0.593,1.407,0.996,91.1,67,96988.4
2025-05-08,-0.0059,0.583,1.533,1.111,96.7,65,103228.1
2025-05-09,0.0488,0.602,1.716,0.966,93.3,73,102941.9
2025-05-10,0.077,0.627,1.647,1.042,100.0,70,104788.8
2025-05-11,0.0938,0.619,1.673,0.932,100.0,70,104072.7
2025-05-12,0.1115,0.81,1.599,0.956,98.9,70,102739.3
2025-05-13,0.1285,0.681,1.626,0.989,100.0,70,104082.0
2025-05-14,0.1466,0.748,1.617,0.955,94.4,73,103458.1
2025-05-15,0.1437,0.762,1.615,0.985,92.2,70,103714.5
2025-05-16,0.1361,0.689,1.585,0.989,93.3,71,103412.2
2025-05-17,0.119,0.751,1.547,0.968,86.7,74,103079.6
2025-05-18,0.1175,0.633,1.536,1.079,100.0,74,106407.6
2025-05-19,0.1148,0.606,1.64,0.962,100.0,74,105531.6
2025-05-20,0.1075,0.525,1.532,1.054,100.0,71,106800.1
2025-05-21,0.1079,0.495,1.644,1.027,100.0,70,109609.5
2025-05-22,0.1281,0.464,1.601,1.026,100.0,72,111662.7
2025-05-23,0.1365,0.706,1.669,0.954,97.8,78,107271.5
2025-05-24,0.1457,0.707,1.567,0.92,97.8,66,107698.9
2025-05-25,0.1416,0.752,1.454,0.931,98.9,74,108955.9
2025-05-26,0.1546,0.608,1.428,1.005,100.0,73,109386.8
2025-05-27,0.1552,0.647,1.48,0.96,95.6,74,108889.3
2025-05-28,0.145,1.052,1.425,0.958,94.4,71,107723.1
2025-05-29,0.1294,1.183,1.509,0.939,92.2,74,105539.9
2025-05-30,0.118,1.204,1.568,0.948,85.6,60,103950.0
2025-05-31,0.1228,1.193,1.565,0.954,88.9,50,104544.7
2025-06-01,0.1102,1.138,1.53,1.003,88.9,56,105583.3
2025-06-02,0.0925,1.077,1.506,0.978,85.6,64,105814.3
2025-06-03,0.0906,0.919,1.435,1.004,85.6,64,105330.1
2025-06-04,0.0834,1.032,1.403,0.978,80.0,62,104641.8
2025-06-05,0.0771,1.427,1.414,0.908,74.4,57,101458.6
2025-06-06,0.0537,0.735,1.287,0.984,88.9,45,104240.0
2025-06-07,0.0272,0.683,1.33,1.122,87.8,52,105507.5
2025-06-08,0.0282,0.667,1.345,1.066,84.4,62,105676.5
2025-06-09,0.0237,0.516,1.396,1.16,96.7,62,110227.9
2025-06-10,0.0327,0.53,1.614,0.988,91.1,71,110235.4
2025-06-11,0.0513,0.615,1.581,0.935,86.7,72,108600.0
2025-06-12,0.0535,0.936,1.558,0.916,68.9,71,105609.5
2025-06-13,0.0648,0.855,1.487,1.011,65.6,61,106027.3
2025-06-14,0.0775,0.881,1.492,0.977,60.0,63,105359.9
2025-06-15,0.0759,0.886,1.533,1.004,61.1,60,105534.6
2025-06-16,0.0798,0.597,1.499,1.043,66.7,61,106750.1
2025-06-17,0.065,1.156,1.503,0.987,51.1,68,104508.0
2025-06-18,0.0515,1.033,1.511,0.994,51.1,52,104832.8
2025-06-19,0.045,1.038,1.485,0.966,54.4,57,104607.1
2025-06-20,0.0571,1.274,1.55,0.958,47.8,54,103246.1
2025-06-21,0.0635,1.213,1.519,0.938,35.6,49,102079.8
2025-06-22,0.0753,1.2,1.5,1.004,44.4,42,100904.7
2025-06-23,0.0675,0.774,1.489,1.025,35.6,47,105290.9
2025-06-24,0.0606,0.664,1.421,0.988,45.6,65,106034.9
2025-06-25,0.0525,0.525,1.409,1.039,56.7,66,107280.0
2025-06-26,0.0533,0.538,1.454,0.984,62.2,74,106913.7
2025-06-27,0.0458,0.569,1.41,1.027,48.9,65,107010.7
2025-06-28,0.0418,0.568,1.426,1.089,50.0,65,107241.0
2025-06-29,0.0414,0.557,1.412,1.096,71.1,68,108309.8
2025-06-30,0.0493,0.604,1.512,0.951,52.2,66,107087.4
2025-07-01,0.0529,0.751,1.531,0.948,32.2,64,105637.9
2025-07-02,0.0617,0.441,1.33,1.085,85.6,63,108800.0
2025-07-03,0.0705,0.454,1.424,1.073,90.0,73,109545.2
2025-07-04,0.0762,0.674,1.446,0.944,73.3,73,107935.4
2025-07-05,0.075,0.624,1.42,1.014,71.1,67,108153.4
2025-07-06,0.0631,0.593,1.349,1.052,68.9,66,109145.8
2025-07-07,0.0642,0.665,1.408,0.961,67.8,73,108203.9
2025-07-08,0.0669,0.578,1.408,0.995,67.8,65,108873.1
2025-07-09,0.0683,0.452,1.469,1.1,96.7,66,111199.9
2025-07-10,0.0753,0.46,1.612,1.121,100.0,71,115979.2
2025-07-11,0.0932,0.473,1.808,1.018,100.0,71,117500.0
2025-07-12,0.1151,0.483,1.788,0.971,100.0,79,117389.3
2025-07-13,0.1405,0.485,1.685,1.035,100.0,74,119038.3
2025-07-14,0.1585,0.579,2.018,1.057,100.0,74,119816.5
2025-07-15,0.1792,0.817,2.094,0.949,97.8,73,117738.5
2025-07-16,0.1985,0.703,1.901,1.002,97.8,70,118590.7
2025-07-17,0.2081,0.639,1.976,1.01,98.9,74,119176.6
2025-07-18,0.2081,0.814,1.858,0.944,94.4,73,117896.4
2025-07-19,0.2081,0.817,1.819,0.876,93.3,74,117814.4
2025-07-20,0.2081,0.892,1.655,0.922,93.3,72,117216.0
2025-07-21,0.21,1.018,1.602,0.962,95.6,71,117330.2
2025-07-22,0.21,0.69,1.825,1.025,98.9,72,119993.7
2025-07-23,0.21,0.89,1.83,0.947,86.7,74,118713.5
2025-07-24,0.21,0.823,1.819,0.966,93.3,71,118294.3
2025-07-25,0.21,1.103,1.667,0.897,97.8,70,117583.5
2025-07-26,0.21,0.867,1.747,0.989,88.9,72,117889.2
2025-07-27,0.21,0.796,1.812,1.07,97.8,73,119423.4
2025-07-28,0.21,0.952,2.019,0.861,98.9,75,118041.4
2025-07-29,0.21,1.009,1.863,0.914,94.4,73,117897.0
2025-07-30,0.21,1.045,1.812,0.95,95.6,74,117771.0
2025-07-31,0.2057,1.149,1.932,0.924,82.2,72,115697.3
2025-08-01,0.1815,1.5,1.952,0.926,76.7,65,113244.8
2025-08-02,0.1617,1.553,1.861,0.853,72.2,55,112508.8
2025-08-03,0.1493,1.491,1.798,0.969,72.2,53,114150.8
2025-08-04,0.1331,1.405,1.799,0.943,72.2,64,115002.1
2025-08-05,0.1236,1.469,1.886,0.903,67.8,60,114069.6
2025-08-06,0.1164,1.182,1.812,0.968,68.9,54,114941.0
2025-08-07,0.1094,1.012,1.806,1.097,71.1,62,117419.9
2025-08-08,0.1156,1.088,1.938,0.954,66.7,74,116628.2
2025-08-09,0.1286,1.248,1.887,1.063,72.2,67,116422.1
2025-08-10,0.1407,0.939,2.05,1.021,81.1,69,119255.3
2025-08-11,0.1569,0.988,2.242,0.999,91.1,70,118641.9
2025-08-12,0.163,1.028,2.132,0.998,92.2,68,120081.0
2025-08-13,0.1674,0.744,2.403,0.984,100.0,73,123323.9
2025-08-14,0.1787,1.331,2.235,0.879,97.8,75,118242.2
2025-08-15,0.1802,1.376,2.17,0.968,77.8,60,117279.2
2025-08-16,0.1833,1.302,2.037,0.92,85.6,56,117329.7
2025-08-17,0.1682,1.338,2.041,0.921,77.8,64,117353.8
2025-08-18,0.1457,1.383,1.947,0.884,67.8,60,116183.6
2025-08-19,0.1357,1.648,1.951,0.931,65.6,56,112824.2
2025-08-20,0.1194,1.626,1.762,0.988,62.2,44,114220.5
2025-08-21,0.1057,1.871,1.897,0.951,65.6,50,112462.2
2025-08-22,0.1152,1.342,1.942,0.998,72.2,50,116897.5
2025-08-23,0.1188,1.664,2.124,0.934,81.1,60,115377.1
2025-08-24,0.1341,1.796,2.03,0.887,84.4,53,113446.3
2025-08-25,0.1549,2.033,1.923,0.903,61.1,47,110064.0
2025-08-26,0.1568,1.92,1.809,0.97,61.1,48,111709.9
2025-08-27,0.1568,1.803,1.85,0.997,55.6,51,111194.9
2025-08-28,0.1629,1.679,1.883,0.977,57.8,48,112507.3
2025-08-29,0.1505,2.322,1.955,0.91,48.9,50,108332.4
2025-08-30,0.1444,2.307,1.872,0.952,50.0,39,108757.9
2025-08-31,0.1279,2.15,1.941,1.045,47.8,48,108208.4
2025-09-01,0.1192,2.021,2.044,0.985,44.4,46,109187.9
2025-09-02,0.1229,1.518,1.935,0.972,58.9,49,111188.0
2025-09-03,0.1203,1.385,1.85,0.967,62.2,55,111659.8
2025-09-04,0.1119,1.717,2.007,1.042,48.9,51,110679.4
2025-09-05,0.1266,1.775,2.155,0.976,42.2,48,110614.9
2025-09-06,0.1151,1.91,2.192,0.87,36.7,48,110135.3
2025-09-07,0.1141,1.67,1.989,1.092,54.4,44,111076.0
2025-09-08,0.1179,1.399,1.886,1.002,64.4,51,112012.6
2025-09-09,0.1196,1.797,2.041,0.982,64.4,48,111499.9
2025-09-10,0.1322,1.123,1.944,1.008,88.9,49,113896.8
2025-09-11,0.1315,1.018,2.037,1.001,90.0,54,115427.0
2025-09-12,0.1229,0.987,1.896,1.029,83.3,57,115978.4
2025-09-13,0.1147,1.038,1.92,0.926,65.6,52,115862.7
2025-09-14,0.1182,1.078,2.006,0.936,56.7,55,115210.0
2025-09-15,0.1174,1.176,2.167,0.946,57.8,53,115300.6
2025-09-16,0.1081,0.91,1.927,1.016,76.7,52,116747.3
2025-09-17,0.109,1.211,2.089,1.03,56.7,53,116402.5
2025-09-18,0.1136,0.941,1.858,0.921,85.6,52,117017.1
2025-09-19,0.104,1.25,2.013,0.906,65.6,53,115569.5
2025-09-20,0.1029,1.248,1.889,0.841,57.8,48,115624.9
2025-09-21,0.0878,1.266,1.872,1.044,53.3,49,115183.9
2025-09-22,0.0783,1.492,1.838,0.87,35.6,45,112604.7
2025-09-23,0.0855,1.609,1.891,1.033,38.9,43,111947.0
2025-09-24,0.0807,1.24,1.684,1.029,47.8,44,113254.0
2025-09-25,0.0737,1.802,1.973,0.891,13.3,44,108934.5
2025-09-26,0.0818,1.799,1.923,1.001,13.3,28,109588.5
2025-09-27,0.0903,1.783,1.9,0.997,12.2,33,109577.3
2025-09-28,0.1029,1.495,1.687,1.064,20.0,37,112119.6
2025-09-29,0.0933,1.025,1.548,1.011,48.9,50,114257.1
2025-09-30,0.0825,1.067,1.651,1.023,45.6,50,113988.8
2025-10-01,0.0824,0.775,1.594,1.12,96.7,49,118552.4
2025-10-02,0.0986,0.672,1.657,1.09,98.9,64,120481.3
2025-10-03,0.1133,0.621,1.797,1.059,100.0,63,122182.7
2025-10-04,0.1304,0.628,1.697,0.958,100.0,71,122343.2
2025-10-05,0.1451,0.662,1.756,1.061,100.0,74,123426.7
2025-10-06,0.1646,0.559,1.825,0.978,100.0,71,124628.5
2025-10-07,0.1786,0.786,1.859,0.902,94.4,70,121286.5
2025-10-08,0.1797,0.698,1.799,1.085,94.4,60,123237.5
2025-10-09,0.1606,0.904,1.643,0.874,96.7,70,121579.3
2025-10-10,0.1363,1.18,2.018,0.864,1.1,64,112714.9
2025-10-11,0.1285,1.405,1.74,0.821,2.2,27,110579.1
2025-10-12,0.0891,1.556,1.393,0.992,3.3,24,114894.4
2025-10-13,0.0622,1.331,1.439,0.954,4.4,38,115111.9
2025-10-14,0.0296,1.679,1.369,0.933,5.6,38,112983.8
2025-10-15,0.0104,1.976,1.394,0.967,3.3,34,110699.0
2025-10-16,-0.0057,2.403,1.173,0.937,3.3,28,108129.4
2025-10-17,-0.0126,2.143,1.226,0.964,3.3,22,106378.6
2025-10-18,-0.0479,2.122,1.014,0.893,7.8,23,107117.5
2025-10-19,-0.034,2.059,1.01,1.021,7.8,29,108586.2
2025-10-20,-0.0331,1.705,0.964,0.963,14.4,29,110469.9
2025-10-21,-0.0311,1.804,0.936,0.963,12.2,34,108253.7
2025-10-22,-0.026,2.298,1.061,1.054,1.1,25,107532.0
2025-10-23,-0.0025,1.774,1.065,0.968,5.6,27,110025.9
2025-10-24,0.0071,1.628,1.079,0.979,7.8,30,110965.4
2025-10-25,0.0341,1.454,1.067,0.955,14.4,37,111589.4
2025-10-26,0.0405,1.276,1.098,1.063,22.2,40,114497.8
2025-10-27,0.0707,1.173,1.326,0.955,15.6,51,114064.1
2025-10-28,0.0934,1.441,1.388,0.973,6.7,50,112833.5
2025-10-29,0.0981,2.03,1.279,0.924,7.8,51,109985.6
2025-10-30,0.0906,2.626,1.266,0.947,6.7,34,108263.5
2025-10-31,0.1025,1.971,1.842,1.056,8.9,29,109557.3
2025-11-01,0.1202,1.873,1.911,1.032,7.8,33,110047.2
2025-11-02,0.1328,1.91,1.85,0.923,5.6,37,110494.9
2025-11-03,0.1238,2.222,2.008,0.956,4.4,42,106544.0
2025-11-04,0.1291,2.761,2.049,0.93,3.3,21,101450.3
2025-11-05,0.1333,2.395,1.787,1.034,18.9,23,103837.0
2025-11-06,0.1416,2.569,2.108,1.013,6.7,27,101305.6
2025-11-07,0.1389,2.426,2.102,0.968,28.9,24,103305.2
2025-11-08,0.1237,2.65,2.173,0.877,17.8,20,102269.3
2025-11-09,0.1132,2.182,2.177,1.087,28.9,22,104670.6
2025-11-10,0.1161,1.763,2.104,0.946,33.3,29,105966.3
2025-11-11,0.0999,2.317,2.061,0.946,25.6,26,103005.8
2025-11-12,0.096,2.677,2.053,0.975,22.2,24,101605.8
2025-11-13,0.0975,3.27,2.121,0.996,35.6,15,99654.3
2025-11-14,0.1067,3.329,2.306,0.897,28.9,16,94544.9
2025-11-15,0.1166,3.157,2.42,1.097,40.0,10,95560.3
2025-11-16,0.1299,3.359,2.372,0.923,44.4,10,94221.7
2025-11-17,0.1355,3.641,2.631,0.915,45.6,14,92169.7
2025-11-18,0.1533,2.651,2.468,0.957,43.3,11,92916.9
2025-11-19,0.1609,3.437,2.676,0.972,38.9,15,91508.9
2025-11-20,0.1663,3.993,2.713,0.933,36.7,11,86601.3
2025-11-21,0.1509,2.615,2.546,0.907,7.8,14,85093.5
2025-11-22,0.1397,2.443,2.482,0.991,8.9,11,84689.4
2025-11-23,0.1179,2.249,2.26,0.992,10.0,13,86807.7
2025-11-24,0.096,1.965,2.263,0.961,4.4,19,88247.1
2025-11-25,0.066,2.442,2.404,0.946,1.1,20,87324.1
2025-11-26,0.0585,1.753,2.094,0.957,2.2,15,90438.1
2025-11-27,0.0397,1.528,2.067,0.968,8.9,22,91292.2
2025-11-28,0.0343,1.711,2.216,1.029,3.3,25,90847.8
2025-11-29,0.0236,1.692,2.193,0.954,2.2,28,90765.0
2025-11-30,0.0341,1.734,2.174,1.03,6.7,28,90320.6
2025-12-01,0.0374,2.147,2.235,0.991,1.1,24,86241.6
2025-12-02,0.0493,1.43,2.052,1.034,5.6,23,91249.1
2025-12-03,0.0419,1.46,2.115,1.022,16.7,28,93376.7
2025-12-04,0.0485,1.444,2.22,0.962,10.0,26,92034.7
2025-12-05,0.0525,1.892,2.236,0.978,2.2,28,89288.5
2025-12-06,0.0539,1.921,2.235,0.956,3.3,23,89197.1
2025-12-07,0.0515,2.044,2.194,1.041,4.4,20,90345.4
2025-12-08,0.0526,2.106,2.344,0.992,6.7,20,90610.8
2025-12-09,0.0597,1.494,2.293,1.016,14.4,22,92638.4
2025-12-10,0.0661,1.761,2.291,0.946,5.6,26,91977.5
2025-12-11,0.0622,1.664,2.332,0.968,11.1,29,92477.5
2025-12-12,0.067,2.206,2.329,0.94,8.9,29,90229.6
2025-12-13,0.0754,2.177,2.328,0.932,10.0,23,90191.3
2025-12-14,0.081,2.37,2.267,0.865,3.3,21,88118.8
2025-12-15,0.074,2.982,2.241,0.946,11.1,16,86389.9
2025-12-16,0.0742,2.186,2.088,0.978,3.3,11,87826.3
2025-12-17,0.0874,2.433,2.22,1.027,1.1,16,86201.6
2025-12-18,0.094,2.437,2.214,0.999,3.3,17,85469.7
2025-12-19,0.1045,1.569,2.177,1.032,20.0,16,88100.0
2025-12-20,0.1107,1.565,2.25,1.031,20.0,20,88320.8
2025-12-21,0.1166,1.711,2.261,0.937,16.7,20,88621.3
2025-12-22,0.1297,1.902,2.301,1.014,22.2,25,88581.5
2025-12-23,0.1265,2.26,2.249,0.943,38.9,24,87463.0
2025-12-24,0.1298,2.274,2.302,1.002,26.7,24,87627.3
2025-12-25,0.1383,2.12,2.296,0.929,27.8,23,87182.8
2025-12-26,0.1326,2.555,2.339,1.033,23.3,20,87318.2
2025-12-27,0.1246,2.395,2.335,0.985,18.9,23,87829.4
2025-12-28,0.1195,2.259,2.3,1.061,31.1,24,87920.5
2025-12-29,0.1287,2.838,2.536,1.006,44.4,24,87203.3
2025-12-30,0.142,2.043,2.267,0.984,50.0,23,88455.3
2025-12-31,0.1258,2.61,2.478,1.004,43.3,21,87608.2
2026-01-01,0.1253,2.28,2.496,1.029,48.9,20,88800.0
2026-01-02,0.1201,1.39,2.214,0.994,67.8,28,89951.4
2026-01-03,0.1207,1.382,2.18,1.041,73.3,29,90595.8
2026-01-04,0.1231,1.366,2.152,1.028,81.1,25,91497.1
2026-01-05,0.1201,1.051,2.108,1.051,86.7,26,93822.4
2026-01-06,0.1013,1.481,2.256,1.011,68.9,44,93708.0
2026-01-07,0.1126,2.147,2.585,0.968,73.3,42,91328.0
2026-01-08,0.1161,2.193,2.394,1.005,81.1,28,91059.8
2026-01-09,0.1061,2.261,2.424,0.994,65.6,27,90603.6
2026-01-10,0.1145,2.266,2.429,0.907,65.6,25,90469.6
2026-01-11,0.1099,2.334,2.352,0.957,74.4,29,90964.4
2026-01-12,0.0974,1.877,2.135,0.96,57.8,27,91252.6
2026-01-13,0.1088,1.114,1.819,1.114,88.9,26,95375.2
2026-01-14,0.096,0.875,1.682,1.028,98.9,48,96907.9
2026-01-15,0.0738,1.141,1.996,1.037,92.2,61,95567.3
2026-01-16,0.0863,1.293,1.96,0.914,86.7,49,95503.7
2026-01-17,0.0726,1.361,2.045,0.942,87.8,50,95107.9
2026-01-18,0.0772,1.51,2.118,0.954,81.1,49,93614.0
2026-01-19,0.0757,2.007,2.201,0.987,66.7,44,92589.6
2026-01-20,0.0823,2.533,2.282,0.901,70.0,32,88390.6
2026-01-21,0.094,2.315,2.13,0.972,76.7,24,89411.4
2026-01-22,0.112,2.481,2.119,0.982,78.9,20,89518.5
2026-01-23,0.1103,2.297,2.1,0.98,72.2,24,89558.7
2026-01-24,0.1188,2.515,2.078,0.95,77.8,25,89180.7
2026-01-25,0.1134,2.851,2.046,0.907,75.6,25,86628.9
2026-01-26,0.1181,2.397,1.963,0.975,80.0,20,88300.6
2026-01-27,0.1138,2.115,2.005,1.026,86.7,29,89197.8
2026-01-28,0.1115,2.043,2.018,0.993,83.3,29,89261.7
2026-01-29,0.1077,3.266,2.029,0.903,82.2,26,84604.7
2026-01-30,0.0988,2.524,1.936,0.972,53.3,16,84211.4
2026-01-31,0.1043,2.744,1.94,0.862,1.1,20,78706.8
2026-02-01,0.0919,2.567,1.812,0.918,1.1,14,76931.5
2026-02-02,0.0706,2.292,1.615,1.006,2.2,14,78692.5
2026-02-03,0.0524,2.85,1.821,0.958,1.1,17,75732.4
2026-02-04,0.0445,2.895,1.932,0.974,2.2,14,73137.4
2026-02-05,0.0319,2.559,1.638,0.926,1.1,12,62868.1
2026-02-06,-0.0034,1.856,1.317,1.028,2.2,9,70544.5
2026-02-07,-0.0496,1.635,1.317,0.977,1.1,6,69254.2
2026-02-08,-0.0633,1.695,1.25,1.069,2.2,7,70288.1
2026-02-09,-0.0601,1.614,1.224,1.005,1.1,14,70110.5
2026-02-10,-0.0821,1.871,1.239,0.969,1.1,9,68805.3
2026-02-11,-0.0986,1.882,1.245,0.984,1.1,11,67054.4
2026-02-12,-0.1027,2.33,1.33,0.954,1.1,5,66243.1
2026-02-13,-0.0687,1.581,1.232,1.029,4.4,9,68821.5
2026-02-14,-0.0409,1.688,1.185,1.067,3.3,9,69795.4
2026-02-15,-0.0279,1.843,1.256,0.995,2.2,8,68796.9
2026-02-16,-0.0271,2.026,1.317,0.995,1.1,12,68862.5
2026-02-17,0.009,2.127,1.421,0.945,4.4,10,67475.9
2026-02-18,0.0238,2.661,1.418,0.976,4.4,8,66422.8
2026-02-19,0.0191,2.213,1.287,0.983,6.7,9,66974.0
2026-02-20,0.0198,2.011,1.34,1.021,10.0,7,67979.3
2026-02-21,0.0286,1.764,1.244,1.066,13.3,8,67933.1
2026-02-22,0.0331,1.928,1.4,1.018,4.4,9,67613.5
2026-02-23,0.0377,2.426,1.28,0.977,1.1,5,64625.8
2026-02-24,0.0284,2.135,1.202,0.959,1.1,8,64031.3
2026-02-25,0.0232,1.483,1.121,1.11,13.3,11,67952.5
2026-02-26,0.0284,1.82,1.236,0.975,8.9,11,67448.2
2026-02-27,0.0127,2.325,1.24,0.972,3.3,13,65836.0
2026-02-28,-0.0015,1.893,1.133,0.993,3.3,11,66937.1
2026-03-01,-0.0004,1.745,1.28,0.99,2.2,14,65750.0
2026-03-02,-0.0036,1.055,1.086,1.052,25.6,10,68801.8
2026-03-03,-0.0052,1.433,1.156,1.015,14.4,14,68295.3
2026-03-04,-0.0049,0.804,1.065,1.14,31.1,10,72641.4
2026-03-05,0.003,1.168,1.148,0.984,30.0,22,70854.8
2026-03-06,0.0092,1.828,1.226,0.931,27.8,18,68083.0
2026-03-07,0.0131,1.911,1.219,0.941,25.6,12,67232.1
2026-03-08,-0.0022,2.144,1.221,0.973,16.7,12,65934.3
2026-03-09,-0.0126,1.48,1.085,1.058,26.7,8,68394.1
2026-03-10,-0.0148,1.222,1.043,1.047,28.9,13,69901.9
2026-03-11,-0.0387,1.123,1.009,1.043,34.4,15,70150.0
2026-03-12,-0.068,1.129,1.004,1.005,37.8,18,70480.1
2026-03-13,-0.0636,1.105,1.014,1.094,35.6,15,70895.5
2026-03-14,-0.0728,1.294,1.054,1.004,40.0,16,71174.4
2026-03-15,-0.07,1.084,1.041,1.124,42.2,15,72778.9
2026-03-16,-0.0445,0.852,1.04,1.121,43.3,23,74846.4
2026-03-17,-0.0486,0.902,1.012,1.055,48.9,28,73872.4
2026-03-18,-0.0355,1.386,1.059,0.935,43.3,26,71202.9
2026-03-19,-0.0177,1.549,1.061,0.921,43.3,23,69887.4
2026-03-20,-0.0174,1.539,1.012,1.056,44.4,11,70472.7
2026-03-21,-0.0093,1.544,1.023,0.881,41.1,12,68881.5
2026-03-22,-0.014,1.788,1.049,0.961,35.6,10,67830.6
2026-03-23,-0.0305,1.381,0.926,1.054,45.6,8,70865.9
2026-03-24,-0.016,1.703,0.986,0.999,47.8,11,70523.9
2026-03-25,0.0011,1.341,0.962,1.057,51.1,14,71297.5
2026-03-26,0.0056,2.157,0.983,0.92,44.4,10,68788.0
2026-03-27,-0.0048,2.726,0.944,0.878,53.3,13,66364.2
2026-03-28,-0.0195,2.396,0.909,1.054,53.3,12,66334.8
2026-03-29,-0.0101,2.14,0.949,0.898,53.3,9,65977.9
2026-03-30,-0.0038,1.97,0.935,1.048,44.4,8,66764.4
2026-03-31,-0.0193,1.63,0.868,1.05,51.1,11,68241.5
2026-04-01,-0.0307,1.539,0.888,1.038,50.0,8,68086.5
2026-04-02,-0.0355,1.823,0.88,0.926,46.7,12,66868.5
2026-04-03,-0.0273,1.734,0.873,0.996,48.9,9,66930.0
2026-04-04,-0.0019,1.55,0.849,1.02,57.8,11,67271.0
2026-04-05,0.0072,1.313,0.883,1.177,62.2,12,68997.9
2026-04-06,0.0187,1.131,0.884,0.991,63.3,13,68817.9
2026-04-07,0.034,1.043,0.941,1.132,65.6,11,71890.2
2026-04-08,0.049,0.956,1.037,1.039,66.7,17,71038.1
2026-04-09,0.0551,0.882,1.042,1.059,70.0,14,71750.4
2026-04-10,0.0569,0.725,1.011,1.05,76.7,16,72917.4
2026-04-11,0.0273,0.743,0.933,1.092,77.8,15,73013.4
2026-04-12,0.007,1.166,1.048,0.93,66.7,16,70711.1
2026-04-13,-0.0118,0.747,0.907,1.11,76.7,12,74385.0
2026-04-14,-0.031,0.678,0.878,1.092,82.2,21,74106.9
2026-04-15,-0.0641,0.762,0.894,1.037,81.1,23,74776.2
2026-04-16,-0.0757,0.74,0.907,1.018,82.2,23,75106.8
2026-04-17,-0.0811,0.6,0.797,1.078,85.6,21,77030.6
2026-04-18,-0.0808,0.795,0.809,0.9,85.6,26,75653.8
2026-04-19,-0.0966,0.991,0.769,0.957,78.9,27,73758.4
2026-04-20,-0.1029,0.816,0.757,1.089,78.9,29,75790.1
2026-04-21,-0.1125,0.869,0.801,1.009,83.3,33,76288.2
2026-04-22,-0.0904,0.514,0.872,1.145,90.0,32,78139.8
2026-04-23,-0.1001,0.669,0.819,0.965,90.0,46,78216.8
2026-04-24,-0.1102,0.766,0.828,1.0,90.0,39,77395.4
2026-04-25,-0.1034,0.804,0.82,0.982,90.0,31,77585.0
2026-04-26,-0.075,0.739,0.816,1.039,92.2,33,78613.5
2026-04-27,-0.0769,0.92,0.783,0.893,92.2,47,77331.2
2026-04-28,-0.0608,0.945,0.826,0.976,92.2,33,76298.1
2026-04-29,-0.0594,1.056,0.847,0.995,84.4,26,75749.9
2026-04-30,-0.0502,0.899,0.799,1.078,85.6,29,76305.4
2026-05-01,-0.044,0.579,0.763,1.095,97.8,26,78192.0
2026-05-02,-0.0395,0.599,0.782,1.133,96.7,39,78652.9
2026-05-03,-0.0385,0.577,0.795,1.046,98.9,47,78529.0
2026-05-04,-0.0234,0.526,0.753,0.99,100.0,40,79826.1
2026-05-05,-0.0348,0.505,0.749,1.245,100.0,50,80861.9
2026-05-06,-0.0559,0.584,0.695,1.058,97.8,46,81390.1
2026-05-07,-0.0603,0.757,0.689,0.934,96.7,47,79969.4
2026-05-08,-0.0582,0.781,0.702,1.026,91.1,38,80155.2
2026-05-09,-0.048,0.728,0.7,1.069,91.1,38,80634.0
2026-05-10,-0.0391,0.622,0.762,1.071,95.6,47,82177.7
2026-05-11,-0.0272,0.608,0.774,0.939,93.3,48,81699.1
2026-05-12,-0.0043,0.748,0.889,0.987,96.7,49,80461.0
2026-05-13,0.0273,0.99,0.926,0.978,94.4,42,79288.3
2026-05-14,0.0517,0.613,0.891,1.092,98.9,34,81048.9
2026-05-15,0.0536,1.095,0.981,0.996,83.3,43,79074.0
2026-05-16,0.0606,1.231,0.995,0.881,81.1,31,78104.2
2026-05-17,0.0554,1.265,1.028,0.879,80.0,27,77430.4
2026-05-18,0.0543,1.41,1.076,0.976,82.2,28,76963.2
2026-05-19,0.0602,1.455,1.062,0.944,80.0,25,76799.9
2026-05-20,0.0658,1.306,1.065,1.016,77.8,27,77510.3
2026-05-21,0.0669,1.239,1.07,0.983,76.7,29,77586.2
2026-05-22,0.0771,1.508,1.104,0.914,77.8,28,75513.1
2026-05-23,0.0787,1.237,1.192,1.083,76.7,28,76715.2
2026-05-24,0.095,1.163,1.14,1.063,71.1,25,77030.3
2026-05-25,0.0947,1.011,1.111,1.068,71.1,30,77281.5
2026-05-26,0.0968,1.339,1.283,0.984,66.7,34,75905.5
2026-05-27,0.1076,1.675,1.386,0.908,65.6,25,74418.1
2026-05-28,0.1205,1.766,1.349,0.977,74.4,22,73591.4
2026-05-29,0.137,1.655,1.386,0.938,68.9,23,73428.2
2026-05-30,0.1412,1.52,1.385,1.142,68.9,23,73856.8
2026-05-31,0.1356,1.521,1.367,0.972,70.0,28,73653.2
2026-06-01,0.1443,2.092,1.548,0.968,60.0,29,71391.5
2026-06-02,0.1509,2.25,1.514,0.921,46.7,23,66730.0
2026-06-03,0.1445,2.262,1.515,0.923,45.6,11,64117.7
2026-06-04,0.1226,1.991,1.337,0.979,31.1,12,63853.4
2026-06-05,0.0995,2.024,1.243,0.947,26.7,12,61022.0
2026-06-06,0.0861,1.98,1.133,0.965,25.6,12,60849.7
2026-06-07,0.0703,1.979,1.132,1.074,25.6,12,63298.5
2026-06-08,0.0573,1.833,1.184,1.027,26.7,8,63057.9
2026-06-09,0.035,1.833,1.182,0.942,26.7,10,61695.0
2026-06-10,0.0121,2.105,1.119,1.005,16.7,9,61483.7
2026-06-11,0.0134,2.107,1.119,1.146,15.6,12,63597.9
2026-06-12,0.0164,1.562,1.196,1.047,26.7,12,63547.0
2026-06-13,0.0218,1.563,1.195,1.037,26.7,13,64418.2
2026-06-14,0.0091,1.424,1.181,1.078,38.9,18,65702.1
2026-06-15,-0.0007,1.426,1.183,1.054,38.9,20,66285.9
2026-06-16,-0.0041,1.426,1.229,0.997,40.0,23,65644.8
2026-06-17,-0.0109,1.425,1.228,0.982,40.0,22,64472.9
2026-06-18,-0.0099,1.929,1.222,0.969,20.0,15,62924.1
2026-06-19,-0.0011,1.936,1.223,1.08,20.0,14,63512.6
2026-06-20,0.005,1.693,1.219,1.046,26.7,23,64270.0
2026-06-21,0.0254,1.693,1.22,0.948,25.6,23,63287.1
2026-06-22,0.041,1.737,1.139,1.042,32.2,20,63990.2
2026-06-23,0.0461,1.74,1.138,0.967,31.1,23,62696.7
2026-06-24,0.0577,2.564,1.109,0.911,10.0,17,61051.2
2026-06-25,0.0507,2.565,1.109,0.98,11.1,12,59771.9
2026-06-26,0.0583,2.13,1.244,0.976,23.3,13,60072.0
2026-06-27,0.0592,2.133,1.245,1.072,23.3,15,60000.3
2026-06-28,0.0612,2.316,1.226,0.923,7.8,18,59550.2
2026-06-29,0.0675,2.31,1.224,1.005,6.7,12,60224.7
2026-06-30,0.0816,2.851,1.304,0.896,30.0,15,58605.4
2026-07-01,0.0917,2.851,1.304,1.069,28.9,11,59999.6
2026-07-02,0.1119,1.677,1.164,1.0,34.4,19,61540.6
2026-07-03,0.1171,1.679,1.165,1.104,33.3,21,62565.5
2026-07-04,0.1333,1.473,1.248,1.091,38.9,22,63114.8
2026-07-05,0.1503,1.472,1.248,1.084,36.7,23,63617.1
2026-07-06,0.1549,1.329,1.391,1.0,30.0,24,64023.6
2026-07-07,0.1596,1.326,1.389,0.94,28.9,27,63335.4
2026-07-08,0.1579,1.775,1.462,0.96,20.0,20,62255.3
2026-07-09,0.1571,1.777,1.462,1.047,20.0,22,63197.0
2026-07-10,0.1592,1.266,1.349,1.118,35.6,23,64129.5
2026-07-11,0.1448,1.268,1.348,0.89,35.6,26,63783.0
2026-07-12,0.1363,1.356,1.429,0.988,30.0,26,63750.0
2026-07-13,0.1289,1.844,1.701,0.917,38.9,28,62307.0
2026-07-14,0.1236,1.198,1.47,1.098,45.6,22,65014.7
2026-07-15,0.1353,1.181,1.471,1.092,37.8,25,64721.4
2026-07-16,0.1337,1.429,1.594,0.937,31.1,25,63801.0
2026-07-17,0.1231,1.555,1.536,0.955,30.0,27,63909.9
2026-07-18,0.1214,1.445,1.488,1.161,33.3,25,64806.7
2026-07-19,0.1154,1.393,1.477,0.911,38.9,28,64694.7
2026-07-20,0.1157,1.217,1.48,1.1,38.9,29,65224.8
2026-07-21,0.1146,1.039,1.416,1.072,53.3,25,66522.4
2026-07-22,0.1009,1.206,1.553,1.037,52.2,33,66082.0
2026-07-23,0.0932,1.524,1.63,0.932,53.3,31,65069.6
2026-07-24,0.0966,1.877,1.66,0.963,53.3,28,64116.5
2026-07-25,0.0955,1.804,1.619,0.853,56.7,27,64338.1
2026-07-26,0.0985,1.562,1.624,1.072,55.6,26,65375.1
2026-07-27,0.0995,1.686,1.573,0.9,52.2,30,63720.8
2026-07-28,0.0943,1.733,1.635,1.017,38.9,29,63903.6
2026-07-29,0.1071,1.56,1.584,1.018,45.6,29,63958.9
2026-07-30,0.1235,1.254,1.496,1.077,61.1,28,64750.0
2026-07-31,0.13,2.207,1.607,1.009,61.1,25,62859.9
2026-08-01,0.1286,2.194,1.605,0.908,58.9,27,62792.3
2026-08-02,0.1342,1.94,1.591,1.04,65.6,27,63550.0
2026-08-03,0.1354,1.498,1.504,0.945,63.3,28,63497.2
2026-08-04,0.1414,1.279,1.538,1.093,66.7,25,64075.5
2026-08-05,0.1231,1.147,1.504,1.068,66.7,27,64633.9
2026-08-06,0.1135,1.214,1.57,0.996,56.7,25,64300.0
2026-08-07,0.1001,1.102,1.539,1.089,72.2,29,64885.4
2026-08-08,0.106,1.146,1.556,1.096,73.3,30,64928.5
2026-08-09,0.103,1.164,1.54,1.053,73.3,31,64867.8
2026-08-10,0.1046,1.604,1.669,0.946,56.7,30,63939.3
2026-08-11,0.1001,1.804,1.661,0.907,75.6,29,63572.0
2026-08-12,0.1199,1.853,1.588,1.014,77.8,27,63454.7
2026-08-13,0.1264,1.869,1.521,0.977,76.7,29,63456.7
2026-08-14,0.1299,2.082,1.478,0.926,80.0,29,63015.0
2026-08-15,0.1318,2.045,1.458,0.976,78.9,34,63053.9
2026-08-16,0.1214,2.222,1.471,1.015,78.9,34,62876.0
2026-08-17,0.1211,1.485,1.487,1.156,64.4,31,64504.1
2026-08-18,0.1224,1.378,1.434,1.026,65.6,41,64694.0
2026-08-19,0.1127,1.077,1.501,1.222,87.8,46,69310.0
2026-08-20,0.1201,0.955,1.721,1.124,98.9,62,72998.7
2026-08-21,0.1257,1.039,1.96,1.053,100.0,72,78309.1
2026-08-22,0.1371,1.007,2.053,0.956,98.9,71,77084.5
2026-08-23,0.1593,1.07,2.086,0.981,98.9,66,77719.1
2026-08-24,0.1691,0.945,2.02,0.99,100.0,73,78953.0
2026-08-25,0.1811,1.001,2.256,0.99,98.9,74,78505.4
2026-08-26,0.1864,1.086,2.146,1.005,97.8,65,78989.4
2026-08-27,0.1783,0.92,2.071,1.007,100.0,71,80208.9
2026-08-28,0.18,1.188,2.144,0.933,94.4,73,77805.9
2026-08-29,0.18,1.188,2.083,1.058,97.8,68,78200.7
2026-08-30,0.1753,1.081,2.059,0.919,93.3,69,77634.6
2026-08-31,0.1726,0.995,2.098,0.991,98.9,62,78549.6
2026-09-01,0.1691,1.286,2.071,0.92,95.6,69,77400.1
2026-09-02,0.1682,1.215,1.977,0.963,92.2,63,77300.0
2026-09-03,0.1693,0.782,1.926,1.114,100.0,65,81230.7
2026-09-04,0.1663,1.016,2.159,0.928,97.8,74,79616.1
2026-09-05,0.1391,1.048,2.103,1.046,95.6,73,79797.7
2026-09-06,0.1224,1.06,2.022,0.97,94.4,73,80301.1
2026-09-07,0.1033,1.161,2.005,0.917,92.2,71,79075.9
2026-09-08,0.1027,1.295,2.131,0.952,87.8,69,78425.6
2026-09-09,0.1016,1.271,2.191,0.978,82.2,66,78264.1
2026-09-10,0.0982,1.6,2.122,0.902,78.9,69,76535.7
2026-09-11,0.0914,1.547,2.206,0.985,76.7,56,77191.1
2026-09-12,0.1042,1.654,2.232,0.947,75.6,63,77242.8
2026-09-13,0.1121,1.663,2.326,0.944,76.7,61,76805.0
2026-09-14,0.1234,1.163,2.064,0.998,76.7,57,78153.3
2026-09-15,0.1213,1.818,2.4,0.95,76.7,69,75599.9
2026-09-16,0.1145,1.525,2.33,0.967,81.1,51,76174.6
2026-09-17,0.1171,1.445,2.359,0.993,83.3,50,76385.9
2026-09-18,0.1269,0.902,1.975,1.063,98.9,56,80863.0
2026-09-19,0.1379,0.941,2.088,0.992,98.9,71,81225.6
2026-09-20,0.1313,,,,,71,
